Fecha,Loteria,1er,2do,3er
2026-02-15,Nacional Juega+Pega+,19,24,14
2026-02-15,Nacional Noche,24,25,3
2026-02-15,Leidsa Pega 3 Mas,25,19,7
2026-02-15,Leidsa Loto Pool,8,13,25
2026-02-15,Leidsa Quiniela,38,28,30
2026-02-15,Loteka Quiniela,36,77,90
2026-02-15,Loteka Mega Chances,76,45,58
2026-02-15,La Primera Dia,44,65,39
2026-02-15,King Lottery 12:30,37,37,25
2026-02-15,King Lottery 7:30,87,4,2
2026-02-15,Nacional Gana Mas,23,80,14
2026-02-14,Loteka Mega Chances,76,45,58
2026-02-14,Nacional Noche,24,25,3
2026-02-14,Leidsa Pega 3 Mas,25,19,7
2026-02-14,Leidsa Loto Pool,8,13,25
2026-02-14,Leidsa Quiniela,38,28,30
2026-02-14,La Primera Dia,44,65,39
2026-02-14,King Lottery 7:30,87,4,2
2026-02-14,Nacional Gana Mas,23,80,14
2026-02-14,Loteka Quiniela,36,77,90
2026-02-14,Nacional Juega+Pega+,19,24,14
2026-02-14,King Lottery 12:30,37,37,25
2026-02-13,Loteka Quiniela,87,34,33
2026-02-13,Nacional Noche,78,50,59
2026-02-13,Anguila Medio Dia,59,28,16
2026-02-13,NY Tarde,40,9,93
2026-02-13,Leidsa Quiniela,77,16,86
2026-02-13,Loteka Mega Chances,18,83,31
2026-02-13,Leidsa Pega 3 Mas,3,81,85
2026-02-13,Real Quiniela,39,76,44
2026-02-13,Florida Noche,97,64,3
2026-02-13,Mega Millions,44,7,7
2026-02-13,Real Loto,73,99,42
2026-02-13,Anguila Noche,74,28,37
2026-02-13,Nacional Juega+Pega+,24,89,57
2026-02-13,PowerBall,1,68,46
2026-02-13,La Primera Dia,74,68,45
2026-02-13,Leidsa Loto Pool,16,79,40
2026-02-13,NY Noche,48,95,82
2026-02-13,Anguila Mañana,61,46,29
2026-02-13,Anguila Tarde,36,72,38
2026-02-13,King Lottery 12:30,9,39,46
2026-02-13,La Suerte 12:30,6,40,45
2026-02-13,La Suerte 18:00,21,91,47
2026-02-13,Florida Dia,39,49,63
2026-02-13,Nacional Gana Mas,57,81,93
2026-02-13,LoteDom Quiniela,5,67,77
2026-02-13,King Lottery 7:30,53,61,14
2026-02-13,La Primera Noche,47,64,79
2026-02-12,Nacional Noche,51,29,67
2026-02-12,Nacional Juega+Pega+,32,72,70
2026-02-12,Anguila Medio Dia,58,77,4
2026-02-12,Leidsa Quiniela,23,97,15
2026-02-12,Loteka Mega Chances,89,58,59
2026-02-12,Real Quiniela,11,87,10
2026-02-12,Mega Millions,85,92,16
2026-02-12,Loteka Quiniela,44,74,80
2026-02-12,Real Loto,95,89,7
2026-02-12,Anguila Noche,97,38,62
2026-02-12,Leidsa Pega 3 Mas,21,68,13
2026-02-12,NY Tarde,11,68,62
2026-02-12,King Lottery 7:30,94,66,69
2026-02-12,Florida Noche,38,94,22
2026-02-12,NY Noche,74,50,34
2026-02-12,Leidsa Loto Pool,62,22,54
2026-02-12,Anguila Mañana,6,31,45
2026-02-12,Anguila Tarde,34,12,21
2026-02-12,King Lottery 12:30,6,32,56
2026-02-12,La Suerte 12:30,14,6,62
2026-02-12,La Suerte 18:00,53,42,50
2026-02-12,Florida Dia,83,23,74
2026-02-12,La Primera Dia,19,57,32
2026-02-12,Nacional Gana Mas,43,85,61
2026-02-12,PowerBall,64,15,18
2026-02-12,LoteDom Quiniela,47,30,20
2026-02-12,La Primera Noche,23,95,12
2026-02-11,Real Quiniela,33,54,45
2026-02-11,Loteka Quiniela,49,59,64
2026-02-11,NY Tarde,52,20,87
2026-02-11,Leidsa Quiniela,51,18,8
2026-02-11,Loteka Mega Chances,17,91,11
2026-02-11,Nacional Noche,54,38,15
2026-02-11,Leidsa Pega 3 Mas,92,22,11
2026-02-11,Florida Noche,64,7,2
2026-02-11,Mega Millions,80,11,46
2026-02-11,Real Loto,26,26,84
2026-02-11,Anguila Noche,41,48,5
2026-02-11,Anguila Medio Dia,20,96,31
2026-02-11,Nacional Juega+Pega+,11,12,93
2026-02-11,La Primera Dia,72,7,40
2026-02-11,La Suerte 18:00,69,62,79
2026-02-11,Nacional Gana Mas,97,37,38
2026-02-11,NY Noche,55,0,33
2026-02-11,Anguila Mañana,25,26,59
2026-02-11,Anguila Tarde,55,25,23
2026-02-11,King Lottery 12:30,96,75,49
2026-02-11,Leidsa Loto Pool,97,7,65
2026-02-11,La Suerte 12:30,58,16,38
2026-02-11,La Primera Noche,21,99,56
2026-02-11,PowerBall,76,18,30
2026-02-11,LoteDom Quiniela,67,43,19
2026-02-11,Florida Dia,36,68,74
2026-02-11,King Lottery 7:30,42,23,42
2026-02-10,Real Quiniela,44,29,38
2026-02-10,Anguila Medio Dia,75,88,75
2026-02-10,NY Tarde,44,84,69
2026-02-10,Leidsa Quiniela,8,68,2
2026-02-10,Loteka Mega Chances,97,5,3
2026-02-10,Nacional Noche,17,37,23
2026-02-10,Loteka Quiniela,90,5,94
2026-02-10,Florida Noche,66,61,10
2026-02-10,Leidsa Pega 3 Mas,35,22,84
2026-02-10,Mega Millions,89,15,1
2026-02-10,Real Loto,23,70,82
2026-02-10,Anguila Noche,70,38,63
2026-02-10,Nacional Juega+Pega+,31,24,46
2026-02-10,La Suerte 18:00,77,75,19
2026-02-10,King Lottery 7:30,18,90,15
2026-02-10,Nacional Gana Mas,90,98,20
2026-02-10,NY Noche,41,7,59
2026-02-10,Anguila Mañana,62,33,10
2026-02-10,Anguila Tarde,49,3,83
2026-02-10,King Lottery 12:30,39,67,22
2026-02-10,Leidsa Loto Pool,48,96,96
2026-02-10,La Suerte 12:30,1,99,94
2026-02-10,La Primera Noche,26,23,4
2026-02-10,PowerBall,45,52,26
2026-02-10,LoteDom Quiniela,29,42,1
2026-02-10,Florida Dia,57,1,69
2026-02-10,La Primera Dia,79,40,39
2026-02-09,Nacional Noche,11,72,93
2026-02-09,Nacional Juega+Pega+,31,62,20
2026-02-09,NY Tarde,7,27,55
2026-02-09,Leidsa Quiniela,83,4,71
2026-02-09,Loteka Mega Chances,32,39,89
2026-02-09,Anguila Medio Dia,84,90,12
2026-02-09,Loteka Quiniela,48,81,49
2026-02-09,Real Quiniela,30,45,57
2026-02-09,Leidsa Pega 3 Mas,56,67,70
2026-02-09,Mega Millions,2,80,26
2026-02-09,Real Loto,0,70,71
2026-02-09,Anguila Noche,48,84,18
2026-02-09,King Lottery 7:30,37,69,18
2026-02-09,Florida Noche,74,32,44
2026-02-09,NY Noche,70,10,69
2026-02-09,Leidsa Loto Pool,44,98,54
2026-02-09,Anguila Mañana,62,87,75
2026-02-09,Anguila Tarde,51,84,13
2026-02-09,King Lottery 12:30,10,42,91
2026-02-09,La Suerte 12:30,84,27,59
2026-02-09,La Suerte 18:00,19,70,80
2026-02-09,Florida Dia,80,78,97
2026-02-09,La Primera Dia,71,23,5
2026-02-09,Nacional Gana Mas,44,42,12
2026-02-09,PowerBall,30,94,82
2026-02-09,LoteDom Quiniela,7,93,13
2026-02-09,La Primera Noche,75,79,85
2026-02-08,Loteka Quiniela,63,28,33
2026-02-08,NY Tarde,51,22,38
2026-02-08,Leidsa Quiniela,11,46,67
2026-02-08,Loteka Mega Chances,70,25,78
2026-02-08,Real Quiniela,91,97,47
2026-02-08,Nacional Noche,57,11,13
2026-02-08,Mega Millions,96,82,36
2026-02-08,Florida Noche,40,42,69
2026-02-08,Real Loto,45,2,57
2026-02-08,Anguila Noche,2,45,90
2026-02-08,Leidsa Pega 3 Mas,75,44,82
2026-02-08,Anguila Medio Dia,65,15,90
2026-02-08,Nacional Juega+Pega+,30,77,48
2026-02-08,La Primera Dia,98,68,64
2026-02-08,La Suerte 18:00,73,19,68
2026-02-08,King Lottery 7:30,60,70,2
2026-02-08,NY Noche,12,12,59
2026-02-08,Anguila Mañana,27,0,24
2026-02-08,Anguila Tarde,52,89,3
2026-02-08,King Lottery 12:30,25,45,25
2026-02-08,Leidsa Loto Pool,56,64,29
2026-02-08,La Suerte 12:30,46,2,3
2026-02-08,La Primera Noche,40,41,33
2026-02-08,Nacional Gana Mas,70,7,33
2026-02-08,PowerBall,74,21,32
2026-02-08,LoteDom Quiniela,72,13,42
2026-02-08,Florida Dia,85,22,55
2026-02-07,Real Quiniela,12,90,69
2026-02-07,Anguila Medio Dia,77,57,91
2026-02-07,NY Tarde,44,81,92
2026-02-07,Leidsa Quiniela,90,14,9
2026-02-07,Loteka Mega Chances,37,73,26
2026-02-07,Nacional Noche,61,3,24
2026-02-07,Loteka Quiniela,42,84,56
2026-02-07,Florida Noche,17,83,35
2026-02-07,Leidsa Pega 3 Mas,9,86,78
2026-02-07,Mega Millions,45,56,49
2026-02-07,Real Loto,73,80,3
2026-02-07,Anguila Noche,19,14,45
2026-02-07,Nacional Juega+Pega+,30,89,6
2026-02-07,La Suerte 18:00,69,85,44
2026-02-07,King Lottery 7:30,41,25,36
2026-02-07,Nacional Gana Mas,45,62,24
2026-02-07,NY Noche,95,10,1
2026-02-07,Anguila Mañana,9,31,10
2026-02-07,Anguila Tarde,57,28,96
2026-02-07,King Lottery 12:30,21,24,71
2026-02-07,Leidsa Loto Pool,73,28,75
2026-02-07,La Suerte 12:30,28,1,28
2026-02-07,La Primera Noche,61,8,96
2026-02-07,PowerBall,6,22,59
2026-02-07,LoteDom Quiniela,71,93,72
2026-02-07,Florida Dia,44,0,77
2026-02-07,La Primera Dia,53,44,23
2026-02-06,Nacional Noche,50,29,6
2026-02-06,Nacional Juega+Pega+,54,36,73
2026-02-06,Anguila Medio Dia,61,23,70
2026-02-06,NY Tarde,73,84,51
2026-02-06,Leidsa Quiniela,68,67,90
2026-02-06,Loteka Mega Chances,82,40,3
2026-02-06,Anguila Noche,46,91,87
2026-02-06,Real Quiniela,54,72,99
2026-02-06,Florida Noche,61,81,9
2026-02-06,Leidsa Pega 3 Mas,36,57,47
2026-02-06,Mega Millions,59,43,51
2026-02-06,Real Loto,66,73,63
2026-02-06,King Lottery 7:30,83,96,6
2026-02-06,Loteka Quiniela,86,72,35
2026-02-06,NY Noche,90,50,15
2026-02-06,Leidsa Loto Pool,32,66,1
2026-02-06,La Suerte 18:00,83,72,77
2026-02-06,Anguila Mañana,84,45,21
2026-02-06,Anguila Tarde,79,39,35
2026-02-06,King Lottery 12:30,25,23,88
2026-02-06,La Suerte 12:30,7,81,29
2026-02-06,Florida Dia,12,81,94
2026-02-06,La Primera Dia,34,90,89
2026-02-06,Nacional Gana Mas,37,98,67
2026-02-06,PowerBall,44,89,6
2026-02-06,LoteDom Quiniela,75,91,60
2026-02-06,La Primera Noche,88,0,19
2026-02-05,Loteka Mega Chances,62,96,57
2026-02-05,Nacional Noche,95,99,32
2026-02-05,Anguila Noche,54,58,16
2026-02-05,NY Tarde,16,15,32
2026-02-05,Leidsa Quiniela,7,66,90
2026-02-05,Real Quiniela,27,76,68
2026-02-05,Florida Noche,75,79,37
2026-02-05,Nacional Juega+Pega+,62,40,52
2026-02-05,Leidsa Pega 3 Mas,95,87,27
2026-02-05,Mega Millions,9,26,63
2026-02-05,Loteka Quiniela,30,26,77
2026-02-05,Real Loto,77,97,57
2026-02-05,Anguila Medio Dia,69,8,5
2026-02-05,King Lottery 7:30,29,99,38
2026-02-05,Leidsa Loto Pool,24,20,31
2026-02-05,La Primera Dia,21,64,83
2026-02-05,Florida Dia,83,49,83
2026-02-05,NY Noche,98,42,8
2026-02-05,Anguila Mañana,35,33,31
2026-02-05,Anguila Tarde,55,78,1
2026-02-05,La Suerte 12:30,94,21,54
2026-02-05,King Lottery 12:30,71,72,85
2026-02-05,La Suerte 18:00,66,22,29
2026-02-05,La Primera Noche,94,36,37
2026-02-05,Nacional Gana Mas,31,51,53
2026-02-05,PowerBall,38,26,93
2026-02-05,LoteDom Quiniela,10,88,42
2026-02-04,Loteka Mega Chances,56,47,6
2026-02-04,Anguila Noche,90,77,66
2026-02-04,Loteka Quiniela,69,0,51
2026-02-04,NY Tarde,32,41,44
2026-02-04,Leidsa Quiniela,81,15,17
2026-02-04,Real Quiniela,83,10,52
2026-02-04,Anguila Medio Dia,75,23,85
2026-02-04,Nacional Juega+Pega+,56,8,38
2026-02-04,Florida Noche,92,43,61
2026-02-04,Leidsa Pega 3 Mas,31,58,33
2026-02-04,Mega Millions,31,68,7
2026-02-04,Real Loto,92,16,73
2026-02-04,Nacional Noche,97,64,10
2026-02-04,Leidsa Loto Pool,22,54,86
2026-02-04,PowerBall,4,13,86
2026-02-04,Florida Dia,80,88,86
2026-02-04,La Primera Dia,82,3,26
2026-02-04,NY Noche,96,14,70
2026-02-04,Anguila Mañana,83,6,1
2026-02-04,Anguila Tarde,81,54,44
2026-02-04,La Suerte 12:30,98,51,24
2026-02-04,King Lottery 12:30,84,66,26
2026-02-04,La Suerte 18:00,67,34,93
2026-02-04,La Primera Noche,27,2,0
2026-02-04,Nacional Gana Mas,10,84,94
2026-02-04,LoteDom Quiniela,96,37,77
2026-02-04,King Lottery 7:30,52,16,26
2026-02-03,Real Quiniela,41,92,55
2026-02-03,Nacional Noche,48,69,74
2026-02-03,Loteka Quiniela,26,53,95
2026-02-03,NY Tarde,35,72,28
2026-02-03,Leidsa Quiniela,11,4,23
2026-02-03,Anguila Medio Dia,40,10,99
2026-02-03,Real Loto,52,56,0
2026-02-03,Loteka Mega Chances,78,51,16
2026-02-03,Florida Noche,45,43,82
2026-02-03,Leidsa Pega 3 Mas,8,50,75
2026-02-03,Mega Millions,41,3,9
2026-02-03,Anguila Noche,73,32,93
2026-02-03,King Lottery 7:30,37,68,69
2026-02-03,Nacional Juega+Pega+,77,12,54
2026-02-03,NY Noche,32,14,95
2026-02-03,Florida Dia,56,98,44
2026-02-03,Anguila Mañana,47,37,15
2026-02-03,Anguila Tarde,59,71,68
2026-02-03,King Lottery 12:30,26,29,48
2026-02-03,La Suerte 12:30,11,77,61
2026-02-03,Leidsa Loto Pool,92,80,78
2026-02-03,La Primera Dia,43,85,25
2026-02-03,La Suerte 18:00,46,37,97
2026-02-03,Nacional Gana Mas,87,29,88
2026-02-03,PowerBall,19,33,59
2026-02-03,LoteDom Quiniela,77,53,0
2026-02-03,La Primera Noche,83,6,26
2026-02-02,Anguila Medio Dia,9,48,37
2026-02-02,Loteka Quiniela,31,24,5
2026-02-02,Leidsa Quiniela,13,63,54
2026-02-02,Loteka Mega Chances,88,68,89
2026-02-02,Real Quiniela,87,82,93
2026-02-02,Nacional Noche,2,55,21
2026-02-02,Mega Millions,5,95,94
2026-02-02,Florida Noche,79,24,35
2026-02-02,Real Loto,35,33,5
2026-02-02,Anguila Noche,45,17,41
2026-02-02,Leidsa Pega 3 Mas,8,31,60
2026-02-02,King Lottery 7:30,53,12,4
2026-02-02,Nacional Juega+Pega+,48,0,88
2026-02-02,NY Tarde,82,70,61
2026-02-02,La Suerte 18:00,24,56,89
2026-02-02,La Primera Dia,44,50,50
2026-02-02,NY Noche,2,66,20
2026-02-02,Anguila Mañana,88,37,40
2026-02-02,Anguila Tarde,31,9,74
2026-02-02,King Lottery 12:30,9,25,29
2026-02-02,Leidsa Loto Pool,16,71,22
2026-02-02,La Suerte 12:30,82,56,33
2026-02-02,La Primera Noche,82,59,52
2026-02-02,Nacional Gana Mas,46,81,2
2026-02-02,PowerBall,86,31,29
2026-02-02,LoteDom Quiniela,85,59,19
2026-02-02,Florida Dia,70,48,75
2026-02-01,Real Quiniela,52,26,80
2026-02-01,Anguila Medio Dia,65,91,28
2026-02-01,NY Tarde,0,12,33
2026-02-01,Leidsa Quiniela,89,71,55
2026-02-01,Loteka Mega Chances,15,65,50
2026-02-01,Nacional Noche,27,19,50
2026-02-01,Loteka Quiniela,81,75,41
2026-02-01,Florida Noche,42,55,59
2026-02-01,Leidsa Pega 3 Mas,51,0,55
2026-02-01,Mega Millions,28,65,88
2026-02-01,Real Loto,32,3,73
2026-02-01,Anguila Noche,95,38,68
2026-02-01,Nacional Juega+Pega+,82,68,29
2026-02-01,La Suerte 18:00,20,86,22
2026-02-01,King Lottery 7:30,82,90,93
2026-02-01,Nacional Gana Mas,49,54,33
2026-02-01,NY Noche,55,95,67
2026-02-01,Anguila Mañana,52,77,25
2026-02-01,Anguila Tarde,19,43,41
2026-02-01,King Lottery 12:30,59,72,52
2026-02-01,Leidsa Loto Pool,72,72,76
2026-02-01,La Suerte 12:30,20,90,82
2026-02-01,La Primera Noche,2,68,9
2026-02-01,PowerBall,96,10,96
2026-02-01,LoteDom Quiniela,62,28,16
2026-02-01,Florida Dia,24,37,42
2026-02-01,La Primera Dia,39,45,91
2026-01-31,Nacional Noche,44,91,81
2026-01-31,Nacional Juega+Pega+,58,75,8
2026-01-31,Anguila Medio Dia,53,57,40
2026-01-31,NY Tarde,53,20,75
2026-01-31,Leidsa Quiniela,79,86,66
2026-01-31,Loteka Mega Chances,33,54,70
2026-01-31,Anguila Noche,59,91,40
2026-01-31,Real Quiniela,41,23,65
2026-01-31,Florida Noche,14,84,33
2026-01-31,Leidsa Pega 3 Mas,99,49,26
2026-01-31,Mega Millions,71,61,1
2026-01-31,Real Loto,95,86,37
2026-01-31,King Lottery 7:30,22,98,72
2026-01-31,Loteka Quiniela,61,42,27
2026-01-31,NY Noche,38,42,21
2026-01-31,Leidsa Loto Pool,77,11,19
2026-01-31,La Suerte 18:00,49,2,42
2026-01-31,Anguila Mañana,96,51,68
2026-01-31,Anguila Tarde,6,85,45
2026-01-31,King Lottery 12:30,67,14,58
2026-01-31,La Suerte 12:30,87,75,63
2026-01-31,Florida Dia,28,31,36
2026-01-31,La Primera Dia,90,15,25
2026-01-31,Nacional Gana Mas,61,23,31
2026-01-31,PowerBall,37,49,34
2026-01-31,LoteDom Quiniela,15,88,44
2026-01-31,La Primera Noche,66,18,85
2026-01-30,Real Quiniela,32,34,53
2026-01-30,Loteka Quiniela,60,73,33
2026-01-30,NY Tarde,26,43,37
2026-01-30,Leidsa Quiniela,8,95,22
2026-01-30,Loteka Mega Chances,86,51,55
2026-01-30,Nacional Noche,29,85,93
2026-01-30,Leidsa Pega 3 Mas,80,54,18
2026-01-30,Florida Noche,50,67,46
2026-01-30,Mega Millions,87,0,39
2026-01-30,Real Loto,11,37,36
2026-01-30,Anguila Noche,5,32,79
2026-01-30,Anguila Medio Dia,90,39,39
2026-01-30,Nacional Juega+Pega+,85,53,11
2026-01-30,King Lottery 7:30,81,28,84
2026-01-30,La Suerte 18:00,45,20,47
2026-01-30,La Primera Dia,36,64,79
2026-01-30,NY Noche,2,63,65
2026-01-30,Anguila Mañana,34,37,32
2026-01-30,Anguila Tarde,53,84,69
2026-01-30,King Lottery 12:30,36,83,12
2026-01-30,Leidsa Loto Pool,9,1,90
2026-01-30,La Suerte 12:30,12,44,94
2026-01-30,La Primera Noche,48,3,57
2026-01-30,Nacional Gana Mas,87,44,6
2026-01-30,PowerBall,36,0,72
2026-01-30,LoteDom Quiniela,74,14,70
2026-01-30,Florida Dia,91,48,2
2026-01-29,Real Quiniela,2,13,22
2026-01-29,Anguila Medio Dia,17,63,9
2026-01-29,NY Tarde,23,54,87
2026-01-29,Leidsa Quiniela,65,64,5
2026-01-29,Loteka Mega Chances,53,59,67
2026-01-29,Nacional Noche,5,33,82
2026-01-29,Loteka Quiniela,83,61,11
2026-01-29,Florida Noche,88,12,43
2026-01-29,Leidsa Pega 3 Mas,28,1,72
2026-01-29,Mega Millions,14,50,22
2026-01-29,Real Loto,84,36,20
2026-01-29,Anguila Noche,41,31,55
2026-01-29,Nacional Juega+Pega+,51,29,63
2026-01-29,La Suerte 18:00,17,1,82
2026-01-29,King Lottery 7:30,98,57,13
2026-01-29,Nacional Gana Mas,95,99,25
2026-01-29,NY Noche,89,83,26
2026-01-29,Anguila Mañana,58,66,36
2026-01-29,Anguila Tarde,37,95,46
2026-01-29,King Lottery 12:30,50,69,34
2026-01-29,Leidsa Loto Pool,61,62,52
2026-01-29,La Suerte 12:30,59,3,61
2026-01-29,La Primera Noche,36,46,10
2026-01-29,PowerBall,48,38,22
2026-01-29,LoteDom Quiniela,91,96,37
2026-01-29,Florida Dia,2,79,14
2026-01-29,La Primera Dia,30,88,2
2026-01-28,Nacional Noche,58,76,13
2026-01-28,Nacional Juega+Pega+,84,62,32
2026-01-28,NY Tarde,67,20,2
2026-01-28,Leidsa Quiniela,36,14,0
2026-01-28,Loteka Mega Chances,34,6,68
2026-01-28,Anguila Medio Dia,58,7,21
2026-01-28,Anguila Noche,42,78,84
2026-01-28,Real Quiniela,14,80,93
2026-01-28,Florida Noche,77,14,39
2026-01-28,Leidsa Pega 3 Mas,38,36,32
2026-01-28,Mega Millions,81,34,42
2026-01-28,Real Loto,29,20,67
2026-01-28,King Lottery 7:30,84,60,9
2026-01-28,Loteka Quiniela,92,76,59
2026-01-28,NY Noche,76,7,23
2026-01-28,Leidsa Loto Pool,46,84,28
2026-01-28,La Suerte 18:00,17,38,95
2026-01-28,Anguila Mañana,44,96,30
2026-01-28,Anguila Tarde,3,6,59
2026-01-28,King Lottery 12:30,74,73,80
2026-01-28,La Suerte 12:30,63,48,98
2026-01-28,Florida Dia,31,44,97
2026-01-28,La Primera Dia,70,45,23
2026-01-28,Nacional Gana Mas,54,4,2
2026-01-28,PowerBall,54,64,33
2026-01-28,LoteDom Quiniela,30,93,56
2026-01-28,La Primera Noche,6,61,45
2026-01-27,Anguila Medio Dia,21,4,71
2026-01-27,NY Tarde,32,43,96
2026-01-27,Leidsa Quiniela,84,74,35
2026-01-27,Loteka Mega Chances,64,3,40
2026-01-27,Real Quiniela,54,39,47
2026-01-27,Nacional Noche,80,86,71
2026-01-27,Mega Millions,46,10,85
2026-01-27,Florida Noche,51,39,16
2026-01-27,Real Loto,37,17,17
2026-01-27,Anguila Noche,83,95,83
2026-01-27,Leidsa Pega 3 Mas,96,29,83
2026-01-27,King Lottery 7:30,8,64,31
2026-01-27,Nacional Juega+Pega+,86,75,15
2026-01-27,Loteka Quiniela,94,71,74
2026-01-27,La Suerte 18:00,34,32,11
2026-01-27,La Primera Dia,76,67,53
2026-01-27,NY Noche,69,5,79
2026-01-27,Anguila Mañana,89,57,64
2026-01-27,Anguila Tarde,49,1,30
2026-01-27,King Lottery 12:30,13,51,16
2026-01-27,Leidsa Loto Pool,89,43,21
2026-01-27,La Suerte 12:30,37,80,33
2026-01-27,La Primera Noche,74,80,36
2026-01-27,Nacional Gana Mas,60,37,65
2026-01-27,PowerBall,79,58,77
2026-01-27,LoteDom Quiniela,16,20,0
2026-01-27,Florida Dia,71,20,75
2026-01-26,Real Quiniela,63,96,55
2026-01-26,Anguila Medio Dia,2,19,29
2026-01-26,NY Tarde,32,78,90
2026-01-26,Leidsa Quiniela,59,60,66
2026-01-26,Loteka Mega Chances,20,12,0
2026-01-26,Nacional Noche,83,72,50
2026-01-26,Loteka Quiniela,16,90,63
2026-01-26,Florida Noche,31,3,38
2026-01-26,Leidsa Pega 3 Mas,76,10,90
2026-01-26,Mega Millions,38,18,10
2026-01-26,Real Loto,25,13,33
2026-01-26,Anguila Noche,77,98,36
2026-01-26,Nacional Juega+Pega+,33,41,41
2026-01-26,La Suerte 18:00,4,90,48
2026-01-26,King Lottery 7:30,59,74,11
2026-01-26,Nacional Gana Mas,30,59,33
2026-01-26,NY Noche,32,35,79
2026-01-26,Anguila Mañana,80,64,84
2026-01-26,Anguila Tarde,75,84,72
2026-01-26,King Lottery 12:30,66,48,9
2026-01-26,Leidsa Loto Pool,27,72,67
2026-01-26,La Suerte 12:30,81,27,36
2026-01-26,La Primera Noche,46,84,65
2026-01-26,PowerBall,9,48,20
2026-01-26,LoteDom Quiniela,30,32,95
2026-01-26,Florida Dia,31,8,43
2026-01-26,La Primera Dia,41,66,88
2026-01-25,Nacional Noche,26,39,68
2026-01-25,Nacional Juega+Pega+,29,5,79
2026-01-25,Anguila Medio Dia,91,18,84
2026-01-25,NY Tarde,40,61,47
2026-01-25,Leidsa Quiniela,85,52,25
2026-01-25,Loteka Mega Chances,65,98,87
2026-01-25,Anguila Noche,49,33,28
2026-01-25,Real Quiniela,55,27,49
2026-01-25,Florida Noche,71,93,57
2026-01-25,Leidsa Pega 3 Mas,78,97,98
2026-01-25,Mega Millions,91,95,1
2026-01-25,Real Loto,19,14,31
2026-01-25,King Lottery 7:30,57,8,28
2026-01-25,Loteka Quiniela,96,48,75
2026-01-25,NY Noche,33,49,77
2026-01-25,Leidsa Loto Pool,98,86,44
2026-01-25,La Suerte 18:00,14,68,13
2026-01-25,Anguila Mañana,73,28,50
2026-01-25,Anguila Tarde,73,30,66
2026-01-25,King Lottery 12:30,46,3,58
2026-01-25,La Suerte 12:30,35,22,41
2026-01-25,Florida Dia,9,95,35
2026-01-25,La Primera Dia,68,64,47
2026-01-25,Nacional Gana Mas,5,71,59
2026-01-25,PowerBall,92,48,23
2026-01-25,LoteDom Quiniela,6,29,41
2026-01-25,La Primera Noche,4,15,64
2026-01-24,Real Quiniela,82,21,7
2026-01-24,Anguila Medio Dia,29,11,64
2026-01-24,NY Tarde,42,84,66
2026-01-24,Leidsa Quiniela,49,24,18
2026-01-24,Loteka Mega Chances,56,69,26
2026-01-24,Nacional Noche,51,5,29
2026-01-24,Leidsa Pega 3 Mas,96,73,88
2026-01-24,Florida Noche,9,7,94
2026-01-24,Mega Millions,53,90,58
2026-01-24,Real Loto,52,41,11
2026-01-24,Anguila Noche,53,17,92
2026-01-24,King Lottery 7:30,35,63,29
2026-01-24,Nacional Juega+Pega+,88,21,24
2026-01-24,Loteka Quiniela,32,95,6
2026-01-24,La Suerte 18:00,38,92,45
2026-01-24,La Primera Dia,12,18,10
2026-01-24,NY Noche,50,9,31
2026-01-24,Anguila Mañana,95,76,73
2026-01-24,Anguila Tarde,70,57,82
2026-01-24,King Lottery 12:30,34,61,29
2026-01-24,Leidsa Loto Pool,99,52,29
2026-01-24,La Suerte 12:30,59,31,2
2026-01-24,La Primera Noche,29,29,86
2026-01-24,Nacional Gana Mas,5,59,51
2026-01-24,PowerBall,53,19,9
2026-01-24,LoteDom Quiniela,49,97,6
2026-01-24,Florida Dia,87,6,50
2026-01-23,Loteka Mega Chances,76,68,72
2026-01-23,Anguila Noche,35,70,40
2026-01-23,Loteka Quiniela,68,64,53
2026-01-23,NY Tarde,62,16,74
2026-01-23,Leidsa Quiniela,83,6,55
2026-01-23,Real Quiniela,70,95,46
2026-01-23,Anguila Medio Dia,60,57,72
2026-01-23,Nacional Juega+Pega+,60,33,78
2026-01-23,Florida Noche,47,6,80
2026-01-23,Leidsa Pega 3 Mas,52,63,16
2026-01-23,Mega Millions,64,21,65
2026-01-23,Real Loto,80,88,25
2026-01-23,Nacional Noche,97,40,70
2026-01-23,Leidsa Loto Pool,98,31,31
2026-01-23,King Lottery 7:30,82,20,71
2026-01-23,Florida Dia,73,53,80
2026-01-23,La Primera Dia,5,19,83
2026-01-23,NY Noche,65,16,74
2026-01-23,Anguila Mañana,92,39,58
2026-01-23,Anguila Tarde,21,24,63
2026-01-23,La Suerte 12:30,50,57,57
2026-01-23,King Lottery 12:30,82,43,69
2026-01-23,La Suerte 18:00,54,28,74
2026-01-23,La Primera Noche,54,35,28
2026-01-23,Nacional Gana Mas,99,8,92
2026-01-23,PowerBall,81,66,23
2026-01-23,LoteDom Quiniela,96,98,5
2026-01-22,Loteka Quiniela,96,87,52
2026-01-22,NY Tarde,17,17,93
2026-01-22,Leidsa Quiniela,68,37,15
2026-01-22,Loteka Mega Chances,0,33,55
2026-01-22,Real Quiniela,69,47,34
2026-01-22,Nacional Noche,27,9,98
2026-01-22,Anguila Medio Dia,57,22,36
2026-01-22,Florida Noche,65,77,61
2026-01-22,Mega Millions,50,30,78
2026-01-22,Real Loto,48,10,14
2026-01-22,Anguila Noche,60,8,9
2026-01-22,Leidsa Pega 3 Mas,57,24,42
2026-01-22,Nacional Juega+Pega+,45,70,69
2026-01-22,PowerBall,37,83,53
2026-01-22,La Primera Dia,92,0,58
2026-01-22,King Lottery 7:30,89,15,84
2026-01-22,Anguila Mañana,95,44,2
2026-01-22,Anguila Tarde,49,22,85
2026-01-22,King Lottery 12:30,84,93,53
2026-01-22,La Suerte 12:30,2,46,10
2026-01-22,Leidsa Loto Pool,32,56,90
2026-01-22,NY Noche,74,80,61
2026-01-22,La Primera Noche,19,0,21
2026-01-22,La Suerte 18:00,31,99,40
2026-01-22,LoteDom Quiniela,24,96,26
2026-01-22,Florida Dia,59,37,52
2026-01-22,Nacional Gana Mas,91,53,18
2026-01-21,Real Quiniela,11,58,38
2026-01-21,Anguila Medio Dia,47,6,45
2026-01-21,NY Tarde,95,13,69
2026-01-21,Leidsa Quiniela,85,14,98
2026-01-21,Loteka Mega Chances,38,12,44
2026-01-21,Nacional Noche,50,24,10
2026-01-21,Leidsa Pega 3 Mas,47,66,66
2026-01-21,Florida Noche,15,32,9
2026-01-21,Mega Millions,41,34,56
2026-01-21,Real Loto,99,62,19
2026-01-21,Anguila Noche,41,79,27
2026-01-21,Loteka Quiniela,93,32,76
2026-01-21,Nacional Juega+Pega+,32,28,37
2026-01-21,King Lottery 7:30,15,17,8
2026-01-21,La Suerte 18:00,11,0,73
2026-01-21,Nacional Gana Mas,96,60,58
2026-01-21,NY Noche,98,45,6
2026-01-21,Anguila Mañana,5,25,58
2026-01-21,Anguila Tarde,65,25,68
2026-01-21,King Lottery 12:30,48,2,18
2026-01-21,Leidsa Loto Pool,91,40,66
2026-01-21,La Suerte 12:30,66,63,26
2026-01-21,La Primera Noche,44,63,67
2026-01-21,PowerBall,18,8,97
2026-01-21,LoteDom Quiniela,45,26,16
2026-01-21,Florida Dia,17,35,55
2026-01-21,La Primera Dia,0,55,8
2026-01-20,Real Quiniela,94,50,48
2026-01-20,Anguila Medio Dia,89,84,22
2026-01-20,NY Tarde,91,84,60
2026-01-20,Leidsa Quiniela,94,17,25
2026-01-20,Loteka Mega Chances,64,14,86
2026-01-20,Nacional Noche,88,22,97
2026-01-20,King Lottery 7:30,10,81,41
2026-01-20,Florida Noche,70,17,41
2026-01-20,Leidsa Pega 3 Mas,58,37,44
2026-01-20,Mega Millions,86,71,64
2026-01-20,Real Loto,95,59,59
2026-01-20,Anguila Noche,46,63,46
2026-01-20,Nacional Juega+Pega+,38,71,83
2026-01-20,La Suerte 18:00,2,13,70
2026-01-20,Loteka Quiniela,33,98,2
2026-01-20,La Primera Dia,6,77,67
2026-01-20,NY Noche,95,40,67
2026-01-20,Anguila Mañana,51,55,96
2026-01-20,Anguila Tarde,6,0,39
2026-01-20,King Lottery 12:30,33,44,34
2026-01-20,Leidsa Loto Pool,62,75,90
2026-01-20,La Suerte 12:30,45,51,4
2026-01-20,La Primera Noche,94,75,3
2026-01-20,Nacional Gana Mas,88,61,22
2026-01-20,PowerBall,92,70,0
2026-01-20,LoteDom Quiniela,63,7,11
2026-01-20,Florida Dia,14,55,31
2026-01-19,Real Quiniela,58,76,35
2026-01-19,Loteka Quiniela,9,80,97
2026-01-19,NY Tarde,58,25,41
2026-01-19,Leidsa Quiniela,79,70,96
2026-01-19,Loteka Mega Chances,54,16,60
2026-01-19,Nacional Noche,46,2,55
2026-01-19,Anguila Medio Dia,13,97,63
2026-01-19,Florida Noche,87,86,98
2026-01-19,Leidsa Pega 3 Mas,44,4,17
2026-01-19,Mega Millions,32,66,32
2026-01-19,Real Loto,40,45,57
2026-01-19,Anguila Noche,23,92,97
2026-01-19,Nacional Juega+Pega+,39,18,18
2026-01-19,La Primera Dia,15,74,25
2026-01-19,NY Noche,24,73,24
2026-01-19,King Lottery 7:30,48,51,99
2026-01-19,La Suerte 18:00,87,40,99
2026-01-19,Anguila Mañana,15,92,31
2026-01-19,Anguila Tarde,72,90,20
2026-01-19,King Lottery 12:30,73,53,76
2026-01-19,Leidsa Loto Pool,79,38,34
2026-01-19,La Suerte 12:30,37,58,92
2026-01-19,La Primera Noche,12,31,40
2026-01-19,Nacional Gana Mas,70,67,94
2026-01-19,PowerBall,36,11,66
2026-01-19,LoteDom Quiniela,40,81,11
2026-01-19,Florida Dia,83,88,18
2026-01-18,Real Quiniela,51,26,46
2026-01-18,Anguila Medio Dia,26,72,1
2026-01-18,NY Tarde,32,17,39
2026-01-18,Leidsa Quiniela,84,30,38
2026-01-18,Loteka Mega Chances,12,72,54
2026-01-18,Nacional Noche,2,5,72
2026-01-18,Leidsa Pega 3 Mas,53,54,13
2026-01-18,Florida Noche,98,82,48
2026-01-18,Mega Millions,58,51,64
2026-01-18,Real Loto,72,54,91
2026-01-18,Anguila Noche,49,1,59
2026-01-18,Loteka Quiniela,94,25,25
2026-01-18,Nacional Juega+Pega+,1,75,30
2026-01-18,King Lottery 7:30,19,86,63
2026-01-18,La Suerte 18:00,25,7,47
2026-01-18,Nacional Gana Mas,85,55,62
2026-01-18,NY Noche,9,71,6
2026-01-18,Anguila Mañana,33,33,86
2026-01-18,Anguila Tarde,98,29,77
2026-01-18,King Lottery 12:30,61,66,2
2026-01-18,Leidsa Loto Pool,96,78,95
2026-01-18,La Suerte 12:30,61,76,84
2026-01-18,La Primera Noche,16,97,92
2026-01-18,PowerBall,97,23,47
2026-01-18,LoteDom Quiniela,14,65,63
2026-01-18,Florida Dia,41,5,0
2026-01-18,La Primera Dia,12,5,96
2026-01-17,Real Quiniela,41,68,25
2026-01-17,NY Tarde,37,90,53
2026-01-17,Leidsa Quiniela,30,40,63
2026-01-17,Loteka Mega Chances,77,45,98
2026-01-17,Anguila Medio Dia,26,85,30
2026-01-17,Nacional Noche,89,55,3
2026-01-17,King Lottery 7:30,5,10,8
2026-01-17,Florida Noche,50,34,47
2026-01-17,Leidsa Pega 3 Mas,39,12,98
2026-01-17,Mega Millions,36,93,95
2026-01-17,Real Loto,5,49,2
2026-01-17,Anguila Noche,72,86,78
2026-01-17,Nacional Juega+Pega+,10,66,18
2026-01-17,La Suerte 18:00,74,74,52
2026-01-17,Loteka Quiniela,49,98,12
2026-01-17,La Primera Dia,82,45,16
2026-01-17,Anguila Mañana,39,27,54
2026-01-17,Anguila Tarde,83,59,60
2026-01-17,King Lottery 12:30,40,19,42
2026-01-17,NY Noche,95,66,90
2026-01-17,Leidsa Loto Pool,42,94,88
2026-01-17,La Suerte 12:30,15,31,64
2026-01-17,La Primera Noche,32,95,9
2026-01-17,Nacional Gana Mas,72,34,61
2026-01-17,PowerBall,44,49,83
2026-01-17,LoteDom Quiniela,29,92,4
2026-01-17,Florida Dia,52,3,45
2026-01-16,Anguila Noche,84,51,50
2026-01-16,Nacional Noche,80,73,92
2026-01-16,NY Tarde,77,89,95
2026-01-16,Leidsa Quiniela,33,99,65
2026-01-16,Loteka Mega Chances,1,56,99
2026-01-16,Real Quiniela,35,34,37
2026-01-16,Loteka Quiniela,58,76,46
2026-01-16,Nacional Juega+Pega+,73,89,88
2026-01-16,Leidsa Pega 3 Mas,92,43,60
2026-01-16,Mega Millions,80,10,56
2026-01-16,Real Loto,72,0,3
2026-01-16,Florida Noche,63,39,70
2026-01-16,Anguila Medio Dia,48,25,88
2026-01-16,King Lottery 7:30,10,5,4
2026-01-16,Florida Dia,16,14,83
2026-01-16,La Primera Dia,60,96,51
2026-01-16,NY Noche,40,24,3
2026-01-16,Anguila Mañana,79,9,78
2026-01-16,Anguila Tarde,75,91,7
2026-01-16,King Lottery 12:30,14,89,54
2026-01-16,La Suerte 12:30,81,9,6
2026-01-16,Leidsa Loto Pool,63,16,42
2026-01-16,La Suerte 18:00,30,0,13
2026-01-16,Nacional Gana Mas,33,97,2
2026-01-16,PowerBall,39,39,73
2026-01-16,LoteDom Quiniela,26,21,64
2026-01-16,La Primera Noche,93,73,92
2026-01-15,Real Quiniela,5,33,61
2026-01-15,Anguila Medio Dia,24,52,82
2026-01-15,NY Tarde,45,13,69
2026-01-15,Leidsa Quiniela,31,40,62
2026-01-15,Loteka Mega Chances,64,64,96
2026-01-15,Nacional Noche,87,17,39
2026-01-15,Leidsa Pega 3 Mas,97,21,80
2026-01-15,Florida Noche,76,60,86
2026-01-15,Mega Millions,64,22,86
2026-01-15,Real Loto,64,38,48
2026-01-15,Anguila Noche,44,38,31
2026-01-15,Loteka Quiniela,10,35,24
2026-01-15,Nacional Juega+Pega+,42,73,56
2026-01-15,La Primera Dia,85,9,32
2026-01-15,La Suerte 18:00,73,11,55
2026-01-15,Nacional Gana Mas,73,6,67
2026-01-15,NY Noche,96,66,38
2026-01-15,Anguila Mañana,37,74,70
2026-01-15,Anguila Tarde,86,35,40
2026-01-15,King Lottery 12:30,77,83,40
2026-01-15,Leidsa Loto Pool,16,84,85
2026-01-15,La Suerte 12:30,90,59,15
2026-01-15,La Primera Noche,34,3,24
2026-01-15,PowerBall,58,7,50
2026-01-15,LoteDom Quiniela,70,16,88
2026-01-15,Florida Dia,83,2,75
2026-01-15,King Lottery 7:30,28,6,41
2026-01-14,Real Quiniela,76,15,93
2026-01-14,Anguila Medio Dia,29,9,33
2026-01-14,NY Tarde,81,48,82
2026-01-14,Leidsa Quiniela,90,59,65
2026-01-14,Loteka Mega Chances,64,51,94
2026-01-14,Nacional Noche,60,35,47
2026-01-14,King Lottery 7:30,24,45,72
2026-01-14,Florida Noche,89,24,73
2026-01-14,Leidsa Pega 3 Mas,98,26,64
2026-01-14,Mega Millions,62,35,49
2026-01-14,Real Loto,37,90,69
2026-01-14,Anguila Noche,60,0,0
2026-01-14,Nacional Juega+Pega+,90,16,69
2026-01-14,La Suerte 18:00,91,88,79
2026-01-14,Loteka Quiniela,84,56,42
2026-01-14,La Primera Dia,19,75,57
2026-01-14,NY Noche,80,42,35
2026-01-14,Anguila Mañana,51,63,81
2026-01-14,Anguila Tarde,96,57,74
2026-01-14,King Lottery 12:30,61,43,77
2026-01-14,Leidsa Loto Pool,96,63,39
2026-01-14,La Suerte 12:30,74,1,18
2026-01-14,La Primera Noche,52,37,86
2026-01-14,Nacional Gana Mas,14,18,65
2026-01-14,PowerBall,63,0,0
2026-01-14,LoteDom Quiniela,19,60,35
2026-01-14,Florida Dia,46,27,19
2026-01-13,Nacional Noche,6,52,89
2026-01-13,Nacional Juega+Pega+,73,40,78
2026-01-13,Anguila Medio Dia,36,16,65
2026-01-13,NY Tarde,12,50,11
2026-01-13,Leidsa Quiniela,85,32,46
2026-01-13,Loteka Mega Chances,41,69,23
2026-01-13,King Lottery 7:30,12,94,26
2026-01-13,Real Quiniela,10,70,42
2026-01-13,Florida Noche,44,57,53
2026-01-13,Leidsa Pega 3 Mas,49,70,19
2026-01-13,Mega Millions,41,90,5
2026-01-13,Real Loto,38,16,74
2026-01-13,Anguila Noche,27,19,85
2026-01-13,Loteka Quiniela,83,68,18
2026-01-13,LoteDom Quiniela,96,61,70
2026-01-13,NY Noche,6,47,94
2026-01-13,Leidsa Loto Pool,58,12,87
2026-01-13,Florida Dia,43,46,8
2026-01-13,Anguila Mañana,55,68,33
2026-01-13,Anguila Tarde,53,44,13
2026-01-13,La Suerte 12:30,67,6,72
2026-01-13,King Lottery 12:30,52,36,86
2026-01-13,La Primera Dia,84,95,34
2026-01-13,La Primera Noche,97,14,38
2026-01-13,Nacional Gana Mas,18,55,74
2026-01-13,PowerBall,38,0,94
2026-01-13,La Suerte 18:00,53,84,47
2026-01-12,Real Quiniela,7,59,47
2026-01-12,Nacional Noche,50,16,1
2026-01-12,Anguila Noche,27,8,66
2026-01-12,Loteka Quiniela,71,12,59
2026-01-12,NY Tarde,18,24,69
2026-01-12,Leidsa Quiniela,5,94,8
2026-01-12,Real Loto,75,71,46
2026-01-12,Loteka Mega Chances,99,52,71
2026-01-12,Nacional Juega+Pega+,30,77,77
2026-01-12,Florida Noche,40,8,70
2026-01-12,Mega Millions,12,53,5
2026-01-12,King Lottery 7:30,46,12,2
2026-01-12,Anguila Medio Dia,95,9,62
2026-01-12,Leidsa Pega 3 Mas,30,34,92
2026-01-12,La Primera Dia,57,94,57
2026-01-12,La Suerte 12:30,96,63,40
2026-01-12,LoteDom Quiniela,69,9,63
2026-01-12,Leidsa Loto Pool,7,25,91
2026-01-12,NY Noche,57,30,22
2026-01-12,Anguila Mañana,79,65,21
2026-01-12,King Lottery 12:30,14,6,25
2026-01-12,Anguila Tarde,55,86,87
2026-01-12,Florida Dia,1,56,48
2026-01-12,La Suerte 18:00,38,45,26
2026-01-12,La Primera Noche,21,89,31
2026-01-12,Nacional Gana Mas,19,78,46
2026-01-12,PowerBall,16,53,42
2026-01-11,Real Quiniela,33,63,22
2026-01-11,Anguila Noche,48,68,50
2026-01-11,Loteka Quiniela,89,72,52
2026-01-11,NY Tarde,69,63,47
2026-01-11,Leidsa Quiniela,33,91,55
2026-01-11,Real Loto,72,17,15
2026-01-11,Loteka Mega Chances,18,13,98
2026-01-11,Nacional Juega+Pega+,69,94,49
2026-01-11,Florida Noche,76,98,46
2026-01-11,Leidsa Pega 3 Mas,45,88,30
2026-01-11,Mega Millions,24,72,31
2026-01-11,Anguila Medio Dia,32,32,86
2026-01-11,Nacional Noche,91,89,89
2026-01-11,PowerBall,47,46,47
2026-01-11,Nacional Gana Mas,44,67,69
2026-01-11,La Suerte 12:30,43,95,51
2026-01-11,Leidsa Loto Pool,81,85,34
2026-01-11,NY Noche,69,56,63
2026-01-11,Anguila Mañana,71,93,21
2026-01-11,La Primera Dia,71,31,16
2026-01-11,King Lottery 12:30,59,74,19
2026-01-11,Anguila Tarde,31,99,64
2026-01-11,Florida Dia,56,98,67
2026-01-11,La Suerte 18:00,36,24,82
2026-01-11,La Primera Noche,21,5,77
2026-01-11,King Lottery 7:30,0,33,63
2026-01-11,LoteDom Quiniela,9,96,79
2026-01-10,Anguila Medio Dia,24,51,81
2026-01-10,NY Tarde,7,51,99
2026-01-10,Leidsa Quiniela,5,94,96
2026-01-10,Loteka Mega Chances,82,78,18
2026-01-10,Real Quiniela,90,70,51
2026-01-10,Nacional Noche,24,96,96
2026-01-10,King Lottery 7:30,99,39,59
2026-01-10,Florida Noche,6,4,74
2026-01-10,Mega Millions,55,49,44
2026-01-10,Real Loto,31,95,12
2026-01-10,Anguila Noche,94,31,93
2026-01-10,Leidsa Pega 3 Mas,46,22,46
2026-01-10,Nacional Juega+Pega+,5,31,54
2026-01-10,La Suerte 18:00,87,93,76
2026-01-10,Loteka Quiniela,10,99,73
2026-01-10,La Primera Dia,68,44,96
2026-01-10,Anguila Mañana,93,89,59
2026-01-10,Anguila Tarde,38,78,46
2026-01-10,King Lottery 12:30,33,56,90
2026-01-10,La Suerte 12:30,6,70,67
2026-01-10,Leidsa Loto Pool,78,21,66
2026-01-10,NY Noche,44,1,63
2026-01-10,La Primera Noche,60,56,93
2026-01-10,PowerBall,23,46,21
2026-01-10,LoteDom Quiniela,64,94,46
2026-01-10,Florida Dia,80,76,36
2026-01-10,Nacional Gana Mas,29,67,90
2026-01-09,Real Quiniela,33,62,77
2026-01-09,Anguila Medio Dia,55,76,7
2026-01-09,NY Tarde,64,77,79
2026-01-09,Leidsa Quiniela,48,80,21
2026-01-09,Loteka Mega Chances,82,87,5
2026-01-09,Nacional Noche,13,99,22
2026-01-09,Leidsa Pega 3 Mas,26,69,51
2026-01-09,Florida Noche,45,28,63
2026-01-09,Mega Millions,94,65,10
2026-01-09,Real Loto,85,89,27
2026-01-09,Anguila Noche,3,29,48
2026-01-09,Loteka Quiniela,64,32,5
2026-01-09,Nacional Juega+Pega+,27,20,32
2026-01-09,King Lottery 7:30,62,63,41
2026-01-09,La Suerte 18:00,49,48,29
2026-01-09,Nacional Gana Mas,69,36,66
2026-01-09,NY Noche,81,85,57
2026-01-09,Anguila Mañana,30,81,94
2026-01-09,Anguila Tarde,51,91,9
2026-01-09,King Lottery 12:30,5,74,5
2026-01-09,Leidsa Loto Pool,86,62,1
2026-01-09,La Suerte 12:30,36,24,2
2026-01-09,La Primera Noche,71,66,16
2026-01-09,PowerBall,47,39,81
2026-01-09,LoteDom Quiniela,50,76,76
2026-01-09,Florida Dia,0,63,42
2026-01-09,La Primera Dia,55,37,27
2026-01-08,Real Quiniela,14,30,15
2026-01-08,Anguila Medio Dia,19,15,11
2026-01-08,NY Tarde,59,6,6
2026-01-08,Leidsa Quiniela,74,50,86
2026-01-08,Loteka Mega Chances,43,36,15
2026-01-08,Nacional Noche,38,57,82
2026-01-08,King Lottery 7:30,12,98,27
2026-01-08,Florida Noche,89,47,79
2026-01-08,Leidsa Pega 3 Mas,6,28,5
2026-01-08,Mega Millions,5,64,61
2026-01-08,Real Loto,84,14,71
2026-01-08,Anguila Noche,72,92,74
2026-01-08,Nacional Juega+Pega+,3,9,20
2026-01-08,La Suerte 18:00,54,31,18
2026-01-08,Loteka Quiniela,66,92,78
2026-01-08,La Primera Dia,4,83,91
2026-01-08,NY Noche,11,14,89
2026-01-08,Anguila Mañana,73,3,94
2026-01-08,Anguila Tarde,71,20,70
2026-01-08,King Lottery 12:30,36,15,73
2026-01-08,Leidsa Loto Pool,0,57,57
2026-01-08,La Suerte 12:30,47,50,60
2026-01-08,La Primera Noche,9,62,60
2026-01-08,Nacional Gana Mas,19,13,91
2026-01-08,PowerBall,65,16,93
2026-01-08,LoteDom Quiniela,95,44,80
2026-01-08,Florida Dia,49,19,90
2026-01-07,Real Quiniela,41,62,65
2026-01-07,Anguila Medio Dia,42,35,30
2026-01-07,NY Tarde,86,52,25
2026-01-07,Leidsa Quiniela,33,77,58
2026-01-07,Loteka Mega Chances,84,84,73
2026-01-07,Nacional Noche,8,46,52
2026-01-07,King Lottery 7:30,94,82,75
2026-01-07,Florida Noche,32,40,7
2026-01-07,Leidsa Pega 3 Mas,52,76,76
2026-01-07,Mega Millions,71,61,18
2026-01-07,Real Loto,23,58,10
2026-01-07,Anguila Noche,7,77,38
2026-01-07,Nacional Juega+Pega+,35,75,55
2026-01-07,Loteka Quiniela,29,88,88
2026-01-07,NY Noche,38,51,78
2026-01-07,La Primera Dia,89,27,91
2026-01-07,La Suerte 18:00,0,0,94
2026-01-07,Anguila Mañana,52,75,53
2026-01-07,Anguila Tarde,92,29,50
2026-01-07,King Lottery 12:30,75,55,5
2026-01-07,Leidsa Loto Pool,9,88,1
2026-01-07,La Suerte 12:30,75,21,20
2026-01-07,La Primera Noche,62,74,58
2026-01-07,Nacional Gana Mas,7,32,28
2026-01-07,PowerBall,34,51,62
2026-01-07,LoteDom Quiniela,26,10,38
2026-01-07,Florida Dia,86,82,19
2026-01-06,Loteka Mega Chances,96,7,19
2026-01-06,Anguila Noche,93,37,74
2026-01-06,Loteka Quiniela,76,63,73
2026-01-06,NY Tarde,11,61,3
2026-01-06,Leidsa Quiniela,92,64,9
2026-01-06,Real Quiniela,36,62,29
2026-01-06,Florida Noche,65,97,27
2026-01-06,Nacional Juega+Pega+,25,51,99
2026-01-06,Leidsa Pega 3 Mas,30,84,81
2026-01-06,Mega Millions,49,30,2
2026-01-06,Real Loto,85,41,91
2026-01-06,Anguila Medio Dia,83,83,58
2026-01-06,Nacional Noche,0,26,10
2026-01-06,King Lottery 7:30,58,74,97
2026-01-06,Leidsa Loto Pool,7,4,43
2026-01-06,Florida Dia,75,9,2
2026-01-06,La Primera Dia,3,28,43
2026-01-06,NY Noche,25,87,96
2026-01-06,Anguila Mañana,46,95,64
2026-01-06,Anguila Tarde,92,49,41
2026-01-06,La Suerte 12:30,55,1,97
2026-01-06,King Lottery 12:30,19,96,60
2026-01-06,La Suerte 18:00,70,1,10
2026-01-06,La Primera Noche,3,97,17
2026-01-06,Nacional Gana Mas,42,50,8
2026-01-06,PowerBall,1,68,37
2026-01-06,LoteDom Quiniela,56,50,7
2026-01-05,Anguila Noche,14,25,33
2026-01-05,Loteka Quiniela,34,37,4
2026-01-05,NY Tarde,0,56,60
2026-01-05,Leidsa Quiniela,2,61,49
2026-01-05,Loteka Mega Chances,73,2,69
2026-01-05,Real Quiniela,75,2,66
2026-01-05,Anguila Medio Dia,65,43,93
2026-01-05,Nacional Juega+Pega+,94,41,78
2026-01-05,Leidsa Pega 3 Mas,16,44,17
2026-01-05,Mega Millions,21,36,40
2026-01-05,Real Loto,37,57,85
2026-01-05,Florida Noche,1,43,53
2026-01-05,Nacional Noche,28,20,7
2026-01-05,Leidsa Loto Pool,96,77,69
2026-01-05,Nacional Gana Mas,73,23,37
2026-01-05,Florida Dia,84,87,20
2026-01-05,NY Noche,94,94,35
2026-01-05,Anguila Mañana,22,28,77
2026-01-05,Anguila Tarde,32,13,45
2026-01-05,La Primera Dia,68,10,40
2026-01-05,La Suerte 12:30,59,73,94
2026-01-05,King Lottery 12:30,36,54,74
2026-01-05,La Suerte 18:00,68,93,71
2026-01-05,La Primera Noche,1,57,86
2026-01-05,King Lottery 7:30,34,94,75
2026-01-05,PowerBall,27,54,87
2026-01-05,LoteDom Quiniela,68,22,14
2026-01-04,Real Quiniela,73,16,23
2026-01-04,Anguila Medio Dia,66,73,88
2026-01-04,NY Tarde,36,33,79
2026-01-04,Leidsa Quiniela,37,49,81
2026-01-04,Loteka Mega Chances,42,83,64
2026-01-04,Nacional Noche,14,23,44
2026-01-04,Loteka Quiniela,50,90,92
2026-01-04,Florida Noche,79,40,23
2026-01-04,Leidsa Pega 3 Mas,30,19,19
2026-01-04,Mega Millions,83,56,5
2026-01-04,Real Loto,2,51,6
2026-01-04,Anguila Noche,32,5,19
2026-01-04,Nacional Juega+Pega+,72,7,91
2026-01-04,La Suerte 18:00,53,97,74
2026-01-04,King Lottery 7:30,6,45,32
2026-01-04,Nacional Gana Mas,78,70,64
2026-01-04,Anguila Mañana,92,88,87
2026-01-04,Anguila Tarde,88,27,13
2026-01-04,King Lottery 12:30,69,70,81
2026-01-04,La Suerte 12:30,98,97,50
2026-01-04,Leidsa Loto Pool,35,5,70
2026-01-04,NY Noche,5,88,40
2026-01-04,La Primera Noche,28,9,88
2026-01-04,LoteDom Quiniela,79,76,72
2026-01-04,Florida Dia,89,65,95
2026-01-04,La Primera Dia,97,2,38
2026-01-04,PowerBall,16,10,35
2026-01-03,Real Quiniela,86,27,40
2026-01-03,Anguila Medio Dia,13,8,44
2026-01-03,NY Tarde,36,5,42
2026-01-03,Leidsa Quiniela,56,89,7
2026-01-03,Loteka Mega Chances,52,32,88
2026-01-03,Nacional Noche,84,12,59
2026-01-03,Leidsa Pega 3 Mas,71,69,84
2026-01-03,Florida Noche,36,42,74
2026-01-03,Mega Millions,96,90,36
2026-01-03,Real Loto,68,31,69
2026-01-03,Anguila Noche,12,92,31
2026-01-03,King Lottery 7:30,38,10,39
2026-01-03,Nacional Juega+Pega+,51,67,50
2026-01-03,Loteka Quiniela,96,20,87
2026-01-03,La Suerte 18:00,29,97,19
2026-01-03,La Primera Dia,99,41,75
2026-01-03,NY Noche,36,24,8
2026-01-03,Anguila Mañana,53,58,69
2026-01-03,Anguila Tarde,90,80,93
2026-01-03,King Lottery 12:30,14,96,22
2026-01-03,Leidsa Loto Pool,64,51,1
2026-01-03,La Suerte 12:30,34,26,79
2026-01-03,La Primera Noche,89,20,19
2026-01-03,Nacional Gana Mas,4,6,55
2026-01-03,PowerBall,46,29,18
2026-01-03,LoteDom Quiniela,34,0,13
2026-01-03,Florida Dia,64,83,85
2026-01-02,Loteka Mega Chances,48,91,50
2026-01-02,Anguila Medio Dia,67,44,69
2026-01-02,Loteka Quiniela,35,87,55
2026-01-02,NY Tarde,11,93,29
2026-01-02,Leidsa Quiniela,43,30,78
2026-01-02,Real Quiniela,76,33,13
2026-01-02,King Lottery 7:30,44,94,37
2026-01-02,Nacional Juega+Pega+,40,78,11
2026-01-02,Florida Noche,70,1,28
2026-01-02,Leidsa Pega 3 Mas,87,18,88
2026-01-02,Real Loto,78,64,70
2026-01-02,Anguila Noche,58,77,4
2026-01-02,Nacional Noche,54,85,59
2026-01-02,Leidsa Loto Pool,19,88,46
2026-01-02,Mega Millions,74,96,58
2026-01-02,Florida Dia,78,83,69
2026-01-02,NY Noche,7,93,74
2026-01-02,Anguila Mañana,62,48,95
2026-01-02,Anguila Tarde,64,37,70
2026-01-02,La Primera Dia,32,48,67
2026-01-02,La Suerte 12:30,82,14,77
2026-01-02,King Lottery 12:30,86,6,89
2026-01-02,La Suerte 18:00,98,31,20
2026-01-02,La Primera Noche,62,10,52
2026-01-02,Nacional Gana Mas,56,41,48
2026-01-02,PowerBall,29,59,51
2026-01-02,LoteDom Quiniela,57,24,33
2026-01-01,Loteka Mega Chances,87,88,91
2026-01-01,Anguila Noche,83,67,50
2026-01-01,Loteka Quiniela,29,23,72
2026-01-01,NY Tarde,57,83,89
2026-01-01,Leidsa Quiniela,16,58,85
2026-01-01,Real Quiniela,44,10,47
2026-01-01,Anguila Medio Dia,77,50,58
2026-01-01,Nacional Juega+Pega+,89,47,18
2026-01-01,Florida Noche,50,31,11
2026-01-01,Leidsa Pega 3 Mas,49,36,79
2026-01-01,Mega Millions,54,41,64
2026-01-01,Real Loto,94,37,43
2026-01-01,Nacional Noche,82,22,10
2026-01-01,Leidsa Loto Pool,18,30,15
2026-01-01,Nacional Gana Mas,74,87,11
2026-01-01,Florida Dia,15,78,28
2026-01-01,La Primera Dia,5,70,95
2026-01-01,NY Noche,39,5,26
2026-01-01,Anguila Mañana,83,55,66
2026-01-01,Anguila Tarde,46,40,79
2026-01-01,La Suerte 12:30,69,66,62
2026-01-01,King Lottery 12:30,39,93,74
2026-01-01,La Suerte 18:00,55,24,77
2026-01-01,La Primera Noche,84,54,11
2026-01-01,PowerBall,33,5,19
2026-01-01,LoteDom Quiniela,65,50,13
2026-01-01,King Lottery 7:30,81,98,86
2025-12-31,Real Quiniela,52,41,95
2025-12-31,Nacional Noche,97,83,69
2025-12-31,Loteka Quiniela,39,78,80
2025-12-31,NY Tarde,4,92,56
2025-12-31,Leidsa Quiniela,72,76,19
2025-12-31,Anguila Medio Dia,65,35,88
2025-12-31,Anguila Noche,44,18,66
2025-12-31,Loteka Mega Chances,38,90,52
2025-12-31,Nacional Juega+Pega+,25,77,23
2025-12-31,Florida Noche,36,94,62
2025-12-31,Leidsa Pega 3 Mas,0,67,12
2025-12-31,Real Loto,1,79,91
2025-12-31,King Lottery 7:30,14,50,25
2025-12-31,Mega Millions,42,66,40
2025-12-31,NY Noche,73,63,2
2025-12-31,Florida Dia,41,20,19
2025-12-31,La Primera Dia,33,87,92
2025-12-31,Leidsa Loto Pool,81,0,47
2025-12-31,Anguila Mañana,84,13,41
2025-12-31,Anguila Tarde,40,7,85
2025-12-31,La Suerte 12:30,9,79,74
2025-12-31,King Lottery 12:30,51,74,75
2025-12-31,La Suerte 18:00,50,35,37
2025-12-31,La Primera Noche,11,40,96
2025-12-31,Nacional Gana Mas,46,39,70
2025-12-31,PowerBall,73,27,22
2025-12-31,LoteDom Quiniela,91,72,33
2025-12-30,Anguila Medio Dia,98,73,95
2025-12-30,Loteka Quiniela,58,13,35
2025-12-30,NY Tarde,4,51,64
2025-12-30,Leidsa Quiniela,62,41,77
2025-12-30,Loteka Mega Chances,42,66,36
2025-12-30,Real Quiniela,62,37,52
2025-12-30,Florida Noche,17,65,22
2025-12-30,Nacional Juega+Pega+,90,6,12
2025-12-30,Mega Millions,36,11,40
2025-12-30,Real Loto,93,44,29
2025-12-30,King Lottery 7:30,44,82,9
2025-12-30,Anguila Noche,71,52,4
2025-12-30,Nacional Noche,80,87,6
2025-12-30,King Lottery 12:30,35,85,12
2025-12-30,Leidsa Pega 3 Mas,51,81,70
2025-12-30,La Suerte 18:00,95,41,71
2025-12-30,Anguila Mañana,65,41,57
2025-12-30,Anguila Tarde,9,18,14
2025-12-30,Leidsa Loto Pool,46,68,84
2025-12-30,La Suerte 12:30,49,2,73
2025-12-30,La Primera Dia,66,50,68
2025-12-30,NY Noche,73,44,42
2025-12-30,La Primera Noche,17,44,60
2025-12-30,PowerBall,89,81,61
2025-12-30,LoteDom Quiniela,28,2,85
2025-12-30,Florida Dia,43,34,72
2025-12-30,Nacional Gana Mas,13,82,47
2025-12-29,Real Quiniela,79,35,10
2025-12-29,Anguila Medio Dia,76,29,97
2025-12-29,NY Tarde,87,94,18
2025-12-29,Leidsa Quiniela,39,43,31
2025-12-29,Loteka Mega Chances,54,53,1
2025-12-29,Nacional Noche,1,5,6
2025-12-29,Leidsa Pega 3 Mas,66,83,16
2025-12-29,Florida Noche,19,12,47
2025-12-29,Mega Millions,75,82,68
2025-12-29,Real Loto,5,0,84
2025-12-29,Anguila Noche,61,43,11
2025-12-29,Loteka Quiniela,80,23,84
2025-12-29,Nacional Juega+Pega+,6,75,38
2025-12-29,King Lottery 7:30,25,44,43
2025-12-29,La Suerte 18:00,27,87,4
2025-12-29,Nacional Gana Mas,2,43,34
2025-12-29,NY Noche,60,0,66
2025-12-29,Anguila Mañana,19,41,35
2025-12-29,Anguila Tarde,35,7,28
2025-12-29,King Lottery 12:30,70,92,96
2025-12-29,Leidsa Loto Pool,59,56,56
2025-12-29,La Suerte 12:30,62,72,72
2025-12-29,La Primera Noche,76,87,83
2025-12-29,PowerBall,56,25,97
2025-12-29,LoteDom Quiniela,79,91,5
2025-12-29,Florida Dia,2,18,19
2025-12-29,La Primera Dia,12,87,31
2025-12-28,Real Quiniela,11,8,37
2025-12-28,Anguila Medio Dia,67,75,75
2025-12-28,NY Tarde,43,47,62
2025-12-28,Leidsa Quiniela,12,75,55
2025-12-28,Loteka Mega Chances,10,11,64
2025-12-28,Nacional Noche,72,36,91
2025-12-28,King Lottery 7:30,82,63,88
2025-12-28,Florida Noche,96,31,27
2025-12-28,Leidsa Pega 3 Mas,99,69,6
2025-12-28,Mega Millions,35,58,67
2025-12-28,Real Loto,96,3,76
2025-12-28,Anguila Noche,95,32,77
2025-12-28,Nacional Juega+Pega+,47,37,22
2025-12-28,La Suerte 18:00,95,24,95
2025-12-28,Loteka Quiniela,32,93,47
2025-12-28,La Primera Dia,46,25,64
2025-12-28,NY Noche,29,29,29
2025-12-28,Anguila Mañana,17,69,14
2025-12-28,Anguila Tarde,65,79,46
2025-12-28,King Lottery 12:30,4,68,88
2025-12-28,Leidsa Loto Pool,94,63,16
2025-12-28,La Suerte 12:30,27,71,28
2025-12-28,La Primera Noche,28,0,48
2025-12-28,Nacional Gana Mas,14,10,56
2025-12-28,PowerBall,56,40,13
2025-12-28,LoteDom Quiniela,43,77,12
2025-12-28,Florida Dia,31,36,84
2025-12-27,Real Quiniela,57,98,89
2025-12-27,Loteka Quiniela,20,88,34
2025-12-27,NY Tarde,49,70,1
2025-12-27,Leidsa Quiniela,1,97,86
2025-12-27,Loteka Mega Chances,88,78,74
2025-12-27,Nacional Noche,31,43,76
2025-12-27,Anguila Medio Dia,50,98,37
2025-12-27,Florida Noche,87,31,12
2025-12-27,Leidsa Pega 3 Mas,87,60,31
2025-12-27,Mega Millions,12,74,68
2025-12-27,Real Loto,20,59,92
2025-12-27,Anguila Noche,48,12,16
2025-12-27,Nacional Juega+Pega+,8,67,64
2025-12-27,King Lottery 7:30,29,12,33
2025-12-27,NY Noche,75,96,35
2025-12-27,La Primera Dia,49,92,1
2025-12-27,La Suerte 18:00,98,70,79
2025-12-27,Anguila Mañana,25,67,74
2025-12-27,Anguila Tarde,11,20,96
2025-12-27,King Lottery 12:30,52,50,82
2025-12-27,Leidsa Loto Pool,62,97,9
2025-12-27,La Suerte 12:30,90,72,84
2025-12-27,La Primera Noche,41,63,24
2025-12-27,Nacional Gana Mas,45,45,86
2025-12-27,PowerBall,28,6,91
2025-12-27,LoteDom Quiniela,1,52,24
2025-12-27,Florida Dia,49,25,51
2025-12-26,Real Quiniela,78,2,19
2025-12-26,Anguila Medio Dia,52,16,58
2025-12-26,NY Tarde,41,45,42
2025-12-26,Leidsa Quiniela,90,30,61
2025-12-26,Loteka Mega Chances,5,16,62
2025-12-26,Nacional Noche,9,20,80
2025-12-26,Leidsa Pega 3 Mas,33,91,48
2025-12-26,Florida Noche,25,1,85
2025-12-26,Mega Millions,20,32,16
2025-12-26,Real Loto,53,69,98
2025-12-26,Anguila Noche,29,48,85
2025-12-26,Loteka Quiniela,98,77,3
2025-12-26,Nacional Juega+Pega+,45,69,26
2025-12-26,King Lottery 7:30,49,64,37
2025-12-26,La Suerte 18:00,60,8,36
2025-12-26,Nacional Gana Mas,29,38,71
2025-12-26,NY Noche,89,1,9
2025-12-26,Anguila Mañana,81,71,34
2025-12-26,Anguila Tarde,17,56,14
2025-12-26,King Lottery 12:30,34,36,44
2025-12-26,Leidsa Loto Pool,65,39,43
2025-12-26,La Suerte 12:30,62,39,41
2025-12-26,La Primera Noche,94,71,57
2025-12-26,PowerBall,86,99,92
2025-12-26,LoteDom Quiniela,36,16,27
2025-12-26,Florida Dia,83,40,39
2025-12-26,La Primera Dia,35,35,67
2025-12-25,Real Quiniela,48,98,33
2025-12-25,NY Tarde,12,95,63
2025-12-25,Leidsa Quiniela,45,52,31
2025-12-25,Loteka Mega Chances,67,95,68
2025-12-25,Anguila Medio Dia,46,71,11
2025-12-25,Nacional Noche,6,48,78
2025-12-25,King Lottery 7:30,8,26,21
2025-12-25,Florida Noche,33,73,42
2025-12-25,Leidsa Pega 3 Mas,64,35,66
2025-12-25,Mega Millions,76,80,10
2025-12-25,Real Loto,96,76,0
2025-12-25,Anguila Noche,33,19,13
2025-12-25,Nacional Juega+Pega+,47,92,96
2025-12-25,La Suerte 18:00,31,19,47
2025-12-25,Loteka Quiniela,29,22,63
2025-12-25,La Primera Dia,14,38,49
2025-12-25,Anguila Mañana,66,89,14
2025-12-25,Anguila Tarde,69,14,31
2025-12-25,King Lottery 12:30,4,77,66
2025-12-25,NY Noche,93,30,49
2025-12-25,Leidsa Loto Pool,92,43,7
2025-12-25,La Suerte 12:30,78,13,60
2025-12-25,La Primera Noche,91,78,9
2025-12-25,Nacional Gana Mas,52,61,5
2025-12-25,PowerBall,86,62,56
2025-12-25,LoteDom Quiniela,63,44,63
2025-12-25,Florida Dia,12,52,30
2025-12-24,Loteka Quiniela,5,40,86
2025-12-24,NY Tarde,94,48,54
2025-12-24,Leidsa Quiniela,49,66,58
2025-12-24,Loteka Mega Chances,23,60,47
2025-12-24,Real Quiniela,26,77,84
2025-12-24,Nacional Noche,85,19,33
2025-12-24,Anguila Medio Dia,47,59,3
2025-12-24,Florida Noche,6,25,56
2025-12-24,Mega Millions,95,37,59
2025-12-24,Real Loto,4,70,82
2025-12-24,Anguila Noche,30,59,36
2025-12-24,Leidsa Pega 3 Mas,16,6,12
2025-12-24,Nacional Juega+Pega+,35,62,35
2025-12-24,King Lottery 7:30,79,29,1
2025-12-24,NY Noche,71,84,55
2025-12-24,La Primera Dia,40,44,43
2025-12-24,Anguila Mañana,6,63,66
2025-12-24,Anguila Tarde,22,52,12
2025-12-24,King Lottery 12:30,26,32,76
2025-12-24,La Suerte 12:30,45,92,37
2025-12-24,Leidsa Loto Pool,94,62,32
2025-12-24,La Suerte 18:00,7,94,67
2025-12-24,La Primera Noche,1,94,33
2025-12-24,PowerBall,59,68,93
2025-12-24,LoteDom Quiniela,73,9,89
2025-12-24,Florida Dia,30,79,43
2025-12-24,Nacional Gana Mas,86,64,15
2025-12-23,Real Quiniela,70,90,34
2025-12-23,Anguila Medio Dia,27,34,66
2025-12-23,NY Tarde,74,6,12
2025-12-23,Leidsa Quiniela,96,25,6
2025-12-23,Loteka Mega Chances,75,29,31
2025-12-23,Nacional Noche,55,38,1
2025-12-23,Leidsa Pega 3 Mas,43,23,17
2025-12-23,Florida Noche,35,5,79
2025-12-23,Mega Millions,58,43,22
2025-12-23,Real Loto,84,42,35
2025-12-23,Anguila Noche,83,57,49
2025-12-23,Loteka Quiniela,16,71,55
2025-12-23,Nacional Juega+Pega+,63,81,29
2025-12-23,King Lottery 7:30,47,66,26
2025-12-23,La Suerte 18:00,22,31,93
2025-12-23,Nacional Gana Mas,45,59,78
2025-12-23,NY Noche,0,39,25
2025-12-23,Anguila Mañana,83,72,36
2025-12-23,Anguila Tarde,38,45,40
2025-12-23,King Lottery 12:30,94,15,92
2025-12-23,Leidsa Loto Pool,68,56,91
2025-12-23,La Suerte 12:30,83,84,78
2025-12-23,La Primera Noche,26,27,27
2025-12-23,PowerBall,20,98,3
2025-12-23,LoteDom Quiniela,22,45,78
2025-12-23,Florida Dia,39,73,12
2025-12-23,La Primera Dia,2,67,26
2025-12-22,Real Quiniela,98,69,78
2025-12-22,Anguila Medio Dia,94,26,10
2025-12-22,NY Tarde,33,18,12
2025-12-22,Leidsa Quiniela,52,40,52
2025-12-22,Loteka Mega Chances,95,20,28
2025-12-22,Nacional Noche,3,46,35
2025-12-22,King Lottery 7:30,82,91,64
2025-12-22,Florida Noche,44,21,48
2025-12-22,Leidsa Pega 3 Mas,86,42,65
2025-12-22,Mega Millions,36,80,0
2025-12-22,Real Loto,87,22,95
2025-12-22,Anguila Noche,28,23,19
2025-12-22,Nacional Juega+Pega+,83,89,19
2025-12-22,La Suerte 18:00,13,6,35
2025-12-22,Loteka Quiniela,53,35,85
2025-12-22,La Primera Dia,0,40,56
2025-12-22,NY Noche,82,90,35
2025-12-22,Anguila Mañana,67,39,47
2025-12-22,Anguila Tarde,63,46,6
2025-12-22,King Lottery 12:30,28,63,75
2025-12-22,Leidsa Loto Pool,21,60,56
2025-12-22,La Suerte 12:30,67,70,66
2025-12-22,La Primera Noche,34,34,84
2025-12-22,Nacional Gana Mas,33,99,6
2025-12-22,PowerBall,27,53,13
2025-12-22,LoteDom Quiniela,82,30,77
2025-12-22,Florida Dia,51,59,69
2025-12-21,Real Quiniela,83,37,80
2025-12-21,Anguila Medio Dia,52,26,94
2025-12-21,Nacional Noche,9,97,4
2025-12-21,Anguila Noche,46,43,9
2025-12-21,NY Tarde,25,69,94
2025-12-21,Leidsa Quiniela,25,46,25
2025-12-21,Real Loto,9,16,26
2025-12-21,Loteka Mega Chances,77,78,46
2025-12-21,Nacional Juega+Pega+,71,73,50
2025-12-21,Florida Noche,68,13,26
2025-12-21,Leidsa Pega 3 Mas,21,54,69
2025-12-21,Mega Millions,1,40,3
2025-12-21,Loteka Quiniela,46,90,84
2025-12-21,King Lottery 7:30,71,35,99
2025-12-21,PowerBall,86,36,38
2025-12-21,Florida Dia,33,49,53
2025-12-21,La Suerte 12:30,4,31,98
2025-12-21,LoteDom Quiniela,20,45,28
2025-12-21,NY Noche,9,92,12
2025-12-21,Anguila Mañana,6,73,91
2025-12-21,King Lottery 12:30,10,22,71
2025-12-21,Anguila Tarde,70,31,33
2025-12-21,La Primera Dia,26,7,2
2025-12-21,La Suerte 18:00,99,57,53
2025-12-21,La Primera Noche,42,60,15
2025-12-21,Nacional Gana Mas,51,2,73
2025-12-21,Leidsa Loto Pool,26,26,17
2025-12-20,Real Quiniela,64,11,68
2025-12-20,Nacional Noche,4,19,95
2025-12-20,Anguila Noche,46,17,83
2025-12-20,Loteka Quiniela,23,94,42
2025-12-20,NY Tarde,18,34,54
2025-12-20,Leidsa Quiniela,81,9,13
2025-12-20,Real Loto,64,5,12
2025-12-20,Loteka Mega Chances,59,97,66
2025-12-20,Nacional Juega+Pega+,45,24,25
2025-12-20,Florida Noche,65,50,86
2025-12-20,Mega Millions,59,29,36
2025-12-20,PowerBall,95,20,26
2025-12-20,Anguila Medio Dia,2,44,30
2025-12-20,Leidsa Pega 3 Mas,42,86,9
2025-12-20,La Primera Dia,24,31,45
2025-12-20,La Suerte 12:30,0,19,76
2025-12-20,King Lottery 7:30,80,85,36
2025-12-20,Leidsa Loto Pool,33,11,47
2025-12-20,NY Noche,96,55,86
2025-12-20,Anguila Mañana,22,10,9
2025-12-20,King Lottery 12:30,76,36,49
2025-12-20,Anguila Tarde,18,68,20
2025-12-20,Florida Dia,80,64,83
2025-12-20,La Suerte 18:00,83,36,94
2025-12-20,La Primera Noche,69,43,58
2025-12-20,Nacional Gana Mas,47,20,35
2025-12-20,LoteDom Quiniela,57,14,82
2025-12-19,Real Quiniela,32,36,62
2025-12-19,Loteka Quiniela,46,71,35
2025-12-19,NY Tarde,46,89,18
2025-12-19,Leidsa Quiniela,38,9,82
2025-12-19,Anguila Medio Dia,81,36,33
2025-12-19,Anguila Noche,12,55,79
2025-12-19,Loteka Mega Chances,33,12,76
2025-12-19,Nacional Juega+Pega+,36,91,21
2025-12-19,Florida Noche,19,86,96
2025-12-19,Leidsa Pega 3 Mas,96,24,62
2025-12-19,Mega Millions,37,42,1
2025-12-19,King Lottery 7:30,49,28,44
2025-12-19,Nacional Noche,82,32,83
2025-12-19,LoteDom Quiniela,58,10,91
2025-12-19,Real Loto,78,60,72
2025-12-19,Florida Dia,6,2,41
2025-12-19,Leidsa Loto Pool,89,88,24
2025-12-19,Anguila Mañana,16,87,55
2025-12-19,Anguila Tarde,36,6,5
2025-12-19,NY Noche,89,84,8
2025-12-19,La Suerte 12:30,28,65,60
2025-12-19,King Lottery 12:30,73,56,54
2025-12-19,La Suerte 18:00,45,46,87
2025-12-19,La Primera Noche,35,31,92
2025-12-19,Nacional Gana Mas,20,14,67
2025-12-19,PowerBall,3,96,15
2025-12-19,La Primera Dia,23,13,37
2025-12-18,Anguila Medio Dia,46,38,14
2025-12-18,NY Tarde,69,11,20
2025-12-18,Leidsa Quiniela,61,53,53
2025-12-18,Loteka Mega Chances,91,15,23
2025-12-18,Real Quiniela,18,75,7
2025-12-18,Nacional Noche,10,5,58
2025-12-18,King Lottery 7:30,20,69,14
2025-12-18,Florida Noche,73,78,73
2025-12-18,Mega Millions,52,42,79
2025-12-18,Real Loto,35,2,95
2025-12-18,Anguila Noche,66,89,34
2025-12-18,Leidsa Pega 3 Mas,31,37,95
2025-12-18,Nacional Juega+Pega+,82,19,3
2025-12-18,La Suerte 18:00,32,79,22
2025-12-18,Loteka Quiniela,87,73,65
2025-12-18,La Primera Dia,24,28,72
2025-12-18,Anguila Mañana,24,44,17
2025-12-18,Anguila Tarde,86,92,1
2025-12-18,King Lottery 12:30,26,13,8
2025-12-18,La Suerte 12:30,34,19,69
2025-12-18,Leidsa Loto Pool,46,89,9
2025-12-18,NY Noche,77,11,39
2025-12-18,La Primera Noche,31,37,89
2025-12-18,PowerBall,15,46,80
2025-12-18,LoteDom Quiniela,47,29,77
2025-12-18,Florida Dia,24,42,48
2025-12-18,Nacional Gana Mas,33,35,85
2025-12-17,Real Quiniela,18,13,7
2025-12-17,Anguila Medio Dia,46,84,60
2025-12-17,NY Tarde,21,9,20
2025-12-17,Leidsa Quiniela,62,38,52
2025-12-17,Loteka Mega Chances,84,92,61
2025-12-17,Nacional Noche,23,63,48
2025-12-17,Leidsa Pega 3 Mas,54,97,25
2025-12-17,Florida Noche,52,31,3
2025-12-17,Mega Millions,35,43,54
2025-12-17,Real Loto,32,27,88
2025-12-17,Anguila Noche,71,15,22
2025-12-17,Loteka Quiniela,47,39,72
2025-12-17,Nacional Juega+Pega+,79,31,38
2025-12-17,King Lottery 7:30,13,82,79
2025-12-17,La Suerte 18:00,19,40,34
2025-12-17,Nacional Gana Mas,80,1,36
2025-12-17,NY Noche,82,64,86
2025-12-17,Anguila Mañana,2,74,66
2025-12-17,Anguila Tarde,30,41,72
2025-12-17,King Lottery 12:30,59,98,99
2025-12-17,Leidsa Loto Pool,72,55,80
2025-12-17,La Suerte 12:30,12,2,73
2025-12-17,La Primera Noche,13,28,17
2025-12-17,PowerBall,73,32,38
2025-12-17,LoteDom Quiniela,30,79,93
2025-12-17,Florida Dia,98,67,19
2025-12-17,La Primera Dia,89,79,25
2025-12-16,Real Quiniela,78,39,6
2025-12-16,Anguila Medio Dia,13,92,76
2025-12-16,NY Tarde,42,7,50
2025-12-16,Leidsa Quiniela,98,37,0
2025-12-16,Loteka Mega Chances,61,5,66
2025-12-16,Nacional Noche,62,81,34
2025-12-16,King Lottery 7:30,85,23,10
2025-12-16,Florida Noche,0,1,75
2025-12-16,Leidsa Pega 3 Mas,30,35,89
2025-12-16,Mega Millions,74,82,55
2025-12-16,Real Loto,42,44,4
2025-12-16,Anguila Noche,82,51,41
2025-12-16,Nacional Juega+Pega+,25,74,84
2025-12-16,La Suerte 18:00,1,4,12
2025-12-16,Loteka Quiniela,34,62,17
2025-12-16,La Primera Dia,67,94,72
2025-12-16,NY Noche,56,22,82
2025-12-16,Anguila Mañana,75,95,82
2025-12-16,Anguila Tarde,87,91,38
2025-12-16,King Lottery 12:30,66,49,94
2025-12-16,Leidsa Loto Pool,89,10,25
2025-12-16,La Suerte 12:30,42,85,91
2025-12-16,La Primera Noche,41,92,58
2025-12-16,Nacional Gana Mas,0,85,78
2025-12-16,PowerBall,74,30,39
2025-12-16,LoteDom Quiniela,46,35,70
2025-12-16,Florida Dia,65,83,44
2025-12-15,Real Quiniela,94,63,77
2025-12-15,Loteka Quiniela,65,3,64
2025-12-15,NY Tarde,79,82,4
2025-12-15,Leidsa Quiniela,81,83,15
2025-12-15,Loteka Mega Chances,63,29,61
2025-12-15,Nacional Noche,50,48,44
2025-12-15,Anguila Medio Dia,45,25,14
2025-12-15,Florida Noche,68,1,51
2025-12-15,Leidsa Pega 3 Mas,83,69,71
2025-12-15,Mega Millions,92,3,75
2025-12-15,Real Loto,74,55,32
2025-12-15,Anguila Noche,37,76,81
2025-12-15,Nacional Juega+Pega+,49,90,60
2025-12-15,King Lottery 7:30,5,7,20
2025-12-15,NY Noche,88,52,64
2025-12-15,La Primera Dia,50,85,63
2025-12-15,La Suerte 18:00,4,99,26
2025-12-15,Anguila Mañana,30,62,39
2025-12-15,Anguila Tarde,54,32,1
2025-12-15,King Lottery 12:30,92,27,82
2025-12-15,Leidsa Loto Pool,58,79,35
2025-12-15,La Suerte 12:30,86,65,61
2025-12-15,La Primera Noche,69,5,84
2025-12-15,Nacional Gana Mas,81,93,22
2025-12-15,PowerBall,41,56,42
2025-12-15,LoteDom Quiniela,90,33,75
2025-12-15,Florida Dia,35,59,13
2025-12-14,Real Quiniela,61,25,73
2025-12-14,Anguila Medio Dia,12,51,19
2025-12-14,NY Tarde,19,17,42
2025-12-14,Leidsa Quiniela,54,88,47
2025-12-14,Loteka Mega Chances,28,66,42
2025-12-14,Nacional Noche,44,73,25
2025-12-14,Leidsa Pega 3 Mas,77,84,37
2025-12-14,Florida Noche,45,65,42
2025-12-14,Mega Millions,40,6,61
2025-12-14,Real Loto,20,34,35
2025-12-14,Anguila Noche,35,81,35
2025-12-14,Loteka Quiniela,91,23,39
2025-12-14,Nacional Juega+Pega+,51,4,47
2025-12-14,King Lottery 7:30,86,91,73
2025-12-14,La Suerte 18:00,26,97,41
2025-12-14,Nacional Gana Mas,33,70,50
2025-12-14,NY Noche,79,74,6
2025-12-14,Anguila Mañana,15,32,70
2025-12-14,Anguila Tarde,62,53,69
2025-12-14,King Lottery 12:30,4,33,65
2025-12-14,Leidsa Loto Pool,21,59,76
2025-12-14,La Suerte 12:30,82,89,14
2025-12-14,La Primera Noche,63,62,18
2025-12-14,PowerBall,64,42,1
2025-12-14,LoteDom Quiniela,51,55,42
2025-12-14,Florida Dia,11,97,95
2025-12-14,La Primera Dia,57,64,20
2025-12-13,Real Quiniela,28,48,98
2025-12-13,NY Tarde,74,63,18
2025-12-13,Leidsa Quiniela,0,58,70
2025-12-13,Loteka Mega Chances,67,96,44
2025-12-13,Anguila Medio Dia,37,83,47
2025-12-13,Nacional Noche,59,97,59
2025-12-13,King Lottery 7:30,23,91,93
2025-12-13,Florida Noche,10,26,76
2025-12-13,Leidsa Pega 3 Mas,96,63,71
2025-12-13,Mega Millions,90,12,60
2025-12-13,Real Loto,2,91,23
2025-12-13,Anguila Noche,76,12,24
2025-12-13,Nacional Juega+Pega+,74,24,14
2025-12-13,La Suerte 18:00,97,48,86
2025-12-13,Loteka Quiniela,58,70,9
2025-12-13,La Primera Dia,66,8,94
2025-12-13,Anguila Mañana,33,12,43
2025-12-13,Anguila Tarde,80,95,80
2025-12-13,King Lottery 12:30,40,80,27
2025-12-13,NY Noche,42,63,50
2025-12-13,Leidsa Loto Pool,88,55,80
2025-12-13,La Suerte 12:30,22,10,87
2025-12-13,La Primera Noche,62,52,54
2025-12-13,Nacional Gana Mas,11,63,46
2025-12-13,PowerBall,72,1,19
2025-12-13,LoteDom Quiniela,65,3,29
2025-12-13,Florida Dia,80,68,13
2025-12-12,Anguila Medio Dia,70,25,52
2025-12-12,NY Tarde,65,39,83
2025-12-12,Leidsa Quiniela,2,72,64
2025-12-12,Loteka Mega Chances,85,93,60
2025-12-12,Real Quiniela,82,65,30
2025-12-12,Nacional Noche,39,41,4
2025-12-12,King Lottery 7:30,13,60,23
2025-12-12,Florida Noche,45,86,95
2025-12-12,Mega Millions,27,91,34
2025-12-12,Real Loto,35,70,78
2025-12-12,Anguila Noche,65,92,74
2025-12-12,Leidsa Pega 3 Mas,23,94,13
2025-12-12,Nacional Juega+Pega+,54,95,5
2025-12-12,La Suerte 18:00,67,49,10
2025-12-12,Loteka Quiniela,35,86,55
2025-12-12,La Primera Dia,27,28,18
2025-12-12,Anguila Mañana,61,54,73
2025-12-12,Anguila Tarde,29,92,51
2025-12-12,King Lottery 12:30,4,57,29
2025-12-12,La Suerte 12:30,74,3,17
2025-12-12,Leidsa Loto Pool,93,36,78
2025-12-12,NY Noche,52,32,5
2025-12-12,La Primera Noche,61,36,74
2025-12-12,PowerBall,83,81,33
2025-12-12,LoteDom Quiniela,10,37,84
2025-12-12,Florida Dia,88,61,36
2025-12-12,Nacional Gana Mas,75,68,63
2025-12-11,Real Quiniela,4,18,47
2025-12-11,Anguila Medio Dia,1,71,41
2025-12-11,NY Tarde,6,96,28
2025-12-11,Leidsa Quiniela,29,16,48
2025-12-11,Loteka Mega Chances,27,36,19
2025-12-11,Nacional Noche,14,52,80
2025-12-11,Leidsa Pega 3 Mas,5,47,38
2025-12-11,Florida Noche,97,81,30
2025-12-11,Mega Millions,45,42,51
2025-12-11,Real Loto,52,44,66
2025-12-11,Anguila Noche,60,6,59
2025-12-11,Loteka Quiniela,17,27,69
2025-12-11,Nacional Juega+Pega+,62,34,25
2025-12-11,King Lottery 7:30,69,61,69
2025-12-11,La Suerte 18:00,82,98,9
2025-12-11,Nacional Gana Mas,99,16,32
2025-12-11,NY Noche,82,69,17
2025-12-11,Anguila Mañana,91,35,50
2025-12-11,Anguila Tarde,49,44,17
2025-12-11,King Lottery 12:30,44,22,91
2025-12-11,Leidsa Loto Pool,0,64,20
2025-12-11,La Suerte 12:30,71,84,61
2025-12-11,La Primera Noche,20,71,12
2025-12-11,PowerBall,38,57,5
2025-12-11,LoteDom Quiniela,57,39,25
2025-12-11,Florida Dia,79,9,63
2025-12-11,La Primera Dia,5,93,26
2025-12-10,Real Quiniela,54,7,37
2025-12-10,Anguila Medio Dia,50,91,59
2025-12-10,NY Tarde,40,88,74
2025-12-10,Leidsa Quiniela,43,56,73
2025-12-10,Loteka Mega Chances,93,49,27
2025-12-10,Nacional Noche,12,13,80
2025-12-10,King Lottery 7:30,49,24,68
2025-12-10,Florida Noche,40,58,77
2025-12-10,Leidsa Pega 3 Mas,89,90,62
2025-12-10,Mega Millions,14,31,51
2025-12-10,Real Loto,49,48,92
2025-12-10,Anguila Noche,43,20,75
2025-12-10,Nacional Juega+Pega+,77,35,3
2025-12-10,La Suerte 18:00,55,1,53
2025-12-10,Loteka Quiniela,44,51,38
2025-12-10,La Primera Dia,45,44,73
2025-12-10,NY Noche,35,83,91
2025-12-10,Anguila Mañana,0,74,55
2025-12-10,Anguila Tarde,66,28,19
2025-12-10,King Lottery 12:30,98,9,14
2025-12-10,Leidsa Loto Pool,58,43,24
2025-12-10,La Suerte 12:30,10,27,36
2025-12-10,La Primera Noche,81,61,38
2025-12-10,Nacional Gana Mas,7,87,82
2025-12-10,PowerBall,15,96,94
2025-12-10,LoteDom Quiniela,36,51,63
2025-12-10,Florida Dia,96,85,36
2025-12-09,Real Quiniela,91,69,99
2025-12-09,Anguila Medio Dia,10,90,60
2025-12-09,NY Tarde,65,19,25
2025-12-09,Leidsa Quiniela,77,80,7
2025-12-09,Loteka Mega Chances,25,76,84
2025-12-09,Nacional Noche,13,49,66
2025-12-09,King Lottery 7:30,87,12,51
2025-12-09,Florida Noche,28,4,90
2025-12-09,Leidsa Pega 3 Mas,3,59,46
2025-12-09,Mega Millions,41,13,90
2025-12-09,Real Loto,11,77,50
2025-12-09,Anguila Noche,72,71,4
2025-12-09,Nacional Juega+Pega+,83,25,90
2025-12-09,La Suerte 18:00,70,5,94
2025-12-09,Loteka Quiniela,9,54,88
2025-12-09,La Primera Dia,92,89,51
2025-12-09,NY Noche,33,60,86
2025-12-09,Anguila Mañana,37,62,55
2025-12-09,Anguila Tarde,56,16,96
2025-12-09,King Lottery 12:30,9,38,63
2025-12-09,Leidsa Loto Pool,56,75,93
2025-12-09,La Suerte 12:30,13,71,86
2025-12-09,La Primera Noche,54,21,22
2025-12-09,Nacional Gana Mas,97,7,45
2025-12-09,PowerBall,11,80,44
2025-12-09,LoteDom Quiniela,72,1,98
2025-12-09,Florida Dia,63,65,75
2025-12-08,Real Quiniela,24,80,75
2025-12-08,Nacional Noche,21,61,20
2025-12-08,Anguila Noche,62,5,67
2025-12-08,Loteka Quiniela,62,27,88
2025-12-08,NY Tarde,94,75,47
2025-12-08,Leidsa Quiniela,37,71,97
2025-12-08,Real Loto,73,17,38
2025-12-08,Loteka Mega Chances,24,73,96
2025-12-08,Nacional Juega+Pega+,94,10,20
2025-12-08,Florida Noche,96,85,64
2025-12-08,Leidsa Pega 3 Mas,91,95,41
2025-12-08,Mega Millions,7,53,45
2025-12-08,Anguila Medio Dia,67,9,56
2025-12-08,King Lottery 7:30,3,97,88
2025-12-08,La Primera Dia,14,41,37
2025-12-08,La Suerte 12:30,78,93,68
2025-12-08,LoteDom Quiniela,88,10,8
2025-12-08,Leidsa Loto Pool,55,91,46
2025-12-08,NY Noche,52,5,41
2025-12-08,Anguila Mañana,57,80,63
2025-12-08,King Lottery 12:30,72,51,71
2025-12-08,Anguila Tarde,54,66,17
2025-12-08,Florida Dia,46,21,2
2025-12-08,La Suerte 18:00,28,65,44
2025-12-08,La Primera Noche,0,4,30
2025-12-08,Nacional Gana Mas,29,28,84
2025-12-08,PowerBall,98,34,81
2025-12-07,Real Quiniela,54,33,53
2025-12-07,Loteka Quiniela,11,34,59
2025-12-07,NY Tarde,35,47,8
2025-12-07,Leidsa Quiniela,45,0,48
2025-12-07,Loteka Mega Chances,5,39,25
2025-12-07,King Lottery 7:30,76,24,93
2025-12-07,Leidsa Pega 3 Mas,28,31,43
2025-12-07,Anguila Medio Dia,2,70,88
2025-12-07,Nacional Juega+Pega+,42,43,45
2025-12-07,Mega Millions,10,73,57
2025-12-07,Real Loto,15,18,66
2025-12-07,Anguila Noche,67,48,4
2025-12-07,Nacional Noche,22,83,9
2025-12-07,La Suerte 18:00,41,77,4
2025-12-07,Florida Noche,19,77,48
2025-12-07,La Primera Dia,61,24,67
2025-12-07,Leidsa Loto Pool,64,65,51
2025-12-07,Anguila Mañana,97,32,22
2025-12-07,Anguila Tarde,22,23,11
2025-12-07,King Lottery 12:30,34,53,47
2025-12-07,La Suerte 12:30,75,99,38
2025-12-07,NY Noche,31,44,8
2025-12-07,Florida Dia,8,35,19
2025-12-07,Nacional Gana Mas,90,51,90
2025-12-07,PowerBall,46,22,91
2025-12-07,LoteDom Quiniela,58,50,77
2025-12-07,La Primera Noche,54,42,15
2025-12-06,Real Quiniela,97,47,84
2025-12-06,Anguila Medio Dia,58,51,55
2025-12-06,NY Tarde,36,57,73
2025-12-06,Leidsa Quiniela,83,63,71
2025-12-06,Loteka Mega Chances,99,49,7
2025-12-06,Nacional Noche,35,43,34
2025-12-06,Leidsa Pega 3 Mas,66,16,84
2025-12-06,Florida Noche,50,27,19
2025-12-06,Mega Millions,55,1,7
2025-12-06,Real Loto,9,17,42
2025-12-06,Anguila Noche,19,0,92
2025-12-06,Loteka Quiniela,47,45,61
2025-12-06,Nacional Juega+Pega+,32,66,63
2025-12-06,King Lottery 7:30,93,56,96
2025-12-06,La Suerte 18:00,85,23,28
2025-12-06,Nacional Gana Mas,58,52,49
2025-12-06,NY Noche,46,0,28
2025-12-06,Anguila Mañana,22,81,4
2025-12-06,Anguila Tarde,97,81,11
2025-12-06,King Lottery 12:30,8,72,65
2025-12-06,Leidsa Loto Pool,65,5,80
2025-12-06,La Suerte 12:30,88,12,6
2025-12-06,La Primera Noche,94,13,67
2025-12-06,PowerBall,41,49,1
2025-12-06,LoteDom Quiniela,98,3,27
2025-12-06,Florida Dia,92,52,71
2025-12-06,La Primera Dia,56,67,93
2025-12-05,Real Quiniela,99,35,48
2025-12-05,Anguila Medio Dia,26,96,12
2025-12-05,NY Tarde,23,38,90
2025-12-05,Leidsa Quiniela,25,22,39
2025-12-05,Loteka Mega Chances,29,25,83
2025-12-05,Nacional Noche,26,31,53
2025-12-05,King Lottery 7:30,92,25,34
2025-12-05,Florida Noche,38,79,18
2025-12-05,Leidsa Pega 3 Mas,72,27,82
2025-12-05,Mega Millions,92,73,12
2025-12-05,Real Loto,8,34,11
2025-12-05,Anguila Noche,49,3,77
2025-12-05,Nacional Juega+Pega+,98,10,74
2025-12-05,La Suerte 18:00,53,5,50
2025-12-05,Loteka Quiniela,47,8,62
2025-12-05,La Primera Dia,56,97,8
2025-12-05,NY Noche,84,97,9
2025-12-05,Anguila Mañana,34,40,39
2025-12-05,Anguila Tarde,80,12,60
2025-12-05,King Lottery 12:30,49,50,5
2025-12-05,Leidsa Loto Pool,26,8,43
2025-12-05,La Suerte 12:30,36,86,97
2025-12-05,La Primera Noche,61,69,15
2025-12-05,Nacional Gana Mas,27,13,15
2025-12-05,PowerBall,90,5,30
2025-12-05,LoteDom Quiniela,9,14,6
2025-12-05,Florida Dia,25,66,28
2025-12-04,Real Quiniela,63,5,52
2025-12-04,Loteka Quiniela,87,10,83
2025-12-04,NY Tarde,37,44,21
2025-12-04,Leidsa Quiniela,37,72,63
2025-12-04,Loteka Mega Chances,10,42,24
2025-12-04,Nacional Noche,51,33,54
2025-12-04,Anguila Medio Dia,11,62,54
2025-12-04,Florida Noche,98,17,18
2025-12-04,Leidsa Pega 3 Mas,69,85,35
2025-12-04,Mega Millions,78,27,2
2025-12-04,Real Loto,65,9,54
2025-12-04,Anguila Noche,71,9,41
2025-12-04,Nacional Juega+Pega+,79,74,22
2025-12-04,King Lottery 7:30,90,80,65
2025-12-04,NY Noche,78,10,51
2025-12-04,La Primera Dia,46,63,54
2025-12-04,La Suerte 18:00,43,16,46
2025-12-04,Anguila Mañana,58,21,54
2025-12-04,Anguila Tarde,25,54,61
2025-12-04,King Lottery 12:30,93,72,24
2025-12-04,Leidsa Loto Pool,50,55,8
2025-12-04,La Suerte 12:30,74,18,70
2025-12-04,La Primera Noche,80,70,36
2025-12-04,Nacional Gana Mas,57,87,52
2025-12-04,PowerBall,51,41,96
2025-12-04,LoteDom Quiniela,31,94,96
2025-12-04,Florida Dia,64,90,90
2025-12-03,Real Quiniela,37,44,47
2025-12-03,Anguila Medio Dia,5,20,97
2025-12-03,NY Tarde,52,90,45
2025-12-03,Leidsa Quiniela,76,32,30
2025-12-03,Loteka Mega Chances,46,40,84
2025-12-03,Nacional Noche,21,92,43
2025-12-03,Leidsa Pega 3 Mas,60,1,91
2025-12-03,Florida Noche,45,36,10
2025-12-03,Mega Millions,16,21,72
2025-12-03,Real Loto,77,53,63
2025-12-03,Anguila Noche,11,31,3
2025-12-03,Loteka Quiniela,11,42,0
2025-12-03,Nacional Juega+Pega+,24,84,89
2025-12-03,King Lottery 7:30,73,79,2
2025-12-03,La Suerte 18:00,84,90,30
2025-12-03,Nacional Gana Mas,84,62,74
2025-12-03,NY Noche,69,98,54
2025-12-03,Anguila Mañana,87,78,54
2025-12-03,Anguila Tarde,35,84,29
2025-12-03,King Lottery 12:30,49,87,49
2025-12-03,Leidsa Loto Pool,44,41,36
2025-12-03,La Suerte 12:30,30,5,76
2025-12-03,La Primera Noche,10,60,43
2025-12-03,PowerBall,84,95,27
2025-12-03,LoteDom Quiniela,18,48,46
2025-12-03,Florida Dia,92,94,83
2025-12-03,La Primera Dia,19,50,95
2025-12-02,Real Quiniela,13,49,68
2025-12-02,NY Tarde,46,89,28
2025-12-02,Leidsa Quiniela,32,43,97
2025-12-02,Loteka Mega Chances,37,35,62
2025-12-02,Anguila Medio Dia,12,52,63
2025-12-02,Nacional Noche,73,90,64
2025-12-02,King Lottery 7:30,28,93,63
2025-12-02,Florida Noche,99,94,67
2025-12-02,Leidsa Pega 3 Mas,37,15,1
2025-12-02,Mega Millions,42,6,0
2025-12-02,Real Loto,82,6,86
2025-12-02,Anguila Noche,72,93,77
2025-12-02,Nacional Juega+Pega+,10,30,18
2025-12-02,La Suerte 18:00,66,9,37
2025-12-02,Loteka Quiniela,13,64,92
2025-12-02,La Primera Dia,49,42,83
2025-12-02,Anguila Mañana,1,32,30
2025-12-02,Anguila Tarde,44,81,17
2025-12-02,King Lottery 12:30,68,44,47
2025-12-02,NY Noche,73,4,5
2025-12-02,Leidsa Loto Pool,84,19,79
2025-12-02,La Suerte 12:30,51,12,39
2025-12-02,La Primera Noche,99,28,69
2025-12-02,Nacional Gana Mas,95,87,25
2025-12-02,PowerBall,8,29,19
2025-12-02,LoteDom Quiniela,91,84,25
2025-12-02,Florida Dia,39,68,18
2025-12-01,Anguila Medio Dia,22,17,53
2025-12-01,NY Tarde,11,83,51
2025-12-01,Leidsa Quiniela,95,2,47
2025-12-01,Loteka Mega Chances,96,32,37
2025-12-01,Real Quiniela,25,27,38
2025-12-01,Nacional Noche,43,92,5
2025-12-01,King Lottery 7:30,89,16,82
2025-12-01,Florida Noche,53,18,34
2025-12-01,Mega Millions,34,21,64
2025-12-01,Real Loto,12,67,71
2025-12-01,Anguila Noche,83,13,42
2025-12-01,Leidsa Pega 3 Mas,75,40,33
2025-12-01,Nacional Juega+Pega+,35,34,9
2025-12-01,La Suerte 18:00,88,29,32
2025-12-01,Loteka Quiniela,94,47,80
2025-12-01,La Primera Dia,86,2,84
2025-12-01,Anguila Mañana,79,8,35
2025-12-01,Anguila Tarde,82,50,75
2025-12-01,King Lottery 12:30,52,78,93
2025-12-01,La Suerte 12:30,56,79,75
2025-12-01,Leidsa Loto Pool,58,17,57
2025-12-01,NY Noche,86,48,93
2025-12-01,La Primera Noche,3,78,37
2025-12-01,PowerBall,86,68,70
2025-12-01,LoteDom Quiniela,6,80,5
2025-12-01,Florida Dia,6,0,58
2025-12-01,Nacional Gana Mas,63,46,49
2025-11-30,Real Quiniela,11,42,90
2025-11-30,Anguila Medio Dia,32,18,13
2025-11-30,NY Tarde,47,24,32
2025-11-30,Leidsa Quiniela,58,81,51
2025-11-30,Loteka Mega Chances,1,12,73
2025-11-30,Nacional Noche,83,40,53
2025-11-30,Leidsa Pega 3 Mas,41,58,73
2025-11-30,Florida Noche,33,83,69
2025-11-30,Mega Millions,95,49,53
2025-11-30,Real Loto,90,82,4
2025-11-30,Anguila Noche,16,10,1
2025-11-30,Loteka Quiniela,51,72,2
2025-11-30,Nacional Juega+Pega+,6,63,23
2025-11-30,King Lottery 7:30,30,41,11
2025-11-30,La Suerte 18:00,31,93,85
2025-11-30,Nacional Gana Mas,73,30,69
2025-11-30,NY Noche,67,90,58
2025-11-30,Anguila Mañana,65,90,43
2025-11-30,Anguila Tarde,71,65,46
2025-11-30,King Lottery 12:30,19,96,60
2025-11-30,Leidsa Loto Pool,74,45,60
2025-11-30,La Suerte 12:30,16,45,45
2025-11-30,La Primera Noche,13,67,55
2025-11-30,PowerBall,32,4,23
2025-11-30,LoteDom Quiniela,91,32,71
2025-11-30,Florida Dia,95,75,21
2025-11-30,La Primera Dia,87,92,46
2025-11-29,Real Quiniela,57,10,67
2025-11-29,Anguila Medio Dia,27,76,62
2025-11-29,NY Tarde,21,10,9
2025-11-29,Leidsa Quiniela,69,64,10
2025-11-29,Loteka Mega Chances,90,96,28
2025-11-29,Nacional Noche,91,64,58
2025-11-29,King Lottery 7:30,30,91,48
2025-11-29,Florida Noche,36,65,27
2025-11-29,Leidsa Pega 3 Mas,38,73,83
2025-11-29,Mega Millions,74,22,55
2025-11-29,Real Loto,19,37,93
2025-11-29,Anguila Noche,94,10,87
2025-11-29,Nacional Juega+Pega+,14,89,10
2025-11-29,La Suerte 18:00,95,73,43
2025-11-29,Loteka Quiniela,29,82,32
2025-11-29,La Primera Dia,92,23,18
2025-11-29,NY Noche,93,98,47
2025-11-29,Anguila Mañana,51,10,4
2025-11-29,Anguila Tarde,64,79,75
2025-11-29,King Lottery 12:30,12,38,64
2025-11-29,Leidsa Loto Pool,50,30,49
2025-11-29,La Suerte 12:30,2,97,66
2025-11-29,La Primera Noche,12,84,88
2025-11-29,Nacional Gana Mas,35,84,97
2025-11-29,PowerBall,14,90,41
2025-11-29,LoteDom Quiniela,93,51,4
2025-11-29,Florida Dia,85,64,4
2025-11-28,Real Quiniela,30,82,61
2025-11-28,Anguila Medio Dia,69,70,57
2025-11-28,NY Tarde,61,55,84
2025-11-28,Leidsa Quiniela,89,23,47
2025-11-28,Loteka Mega Chances,2,51,81
2025-11-28,Nacional Noche,62,75,32
2025-11-28,King Lottery 7:30,68,13,34
2025-11-28,Florida Noche,94,29,42
2025-11-28,Leidsa Pega 3 Mas,59,87,79
2025-11-28,Mega Millions,51,14,28
2025-11-28,Real Loto,5,87,23
2025-11-28,Anguila Noche,35,65,19
2025-11-28,Nacional Juega+Pega+,73,54,3
2025-11-28,La Suerte 18:00,79,75,87
2025-11-28,Loteka Quiniela,61,43,51
2025-11-28,La Primera Dia,25,47,72
2025-11-28,NY Noche,17,62,47
2025-11-28,Anguila Mañana,86,35,32
2025-11-28,Anguila Tarde,13,92,89
2025-11-28,King Lottery 12:30,53,75,79
2025-11-28,Leidsa Loto Pool,23,67,70
2025-11-28,La Suerte 12:30,2,72,35
2025-11-28,La Primera Noche,59,30,88
2025-11-28,Nacional Gana Mas,52,36,31
2025-11-28,PowerBall,85,88,42
2025-11-28,LoteDom Quiniela,43,88,7
2025-11-28,Florida Dia,41,77,77
2025-11-27,Real Quiniela,26,78,36
2025-11-27,Nacional Noche,26,43,81
2025-11-27,Anguila Noche,38,79,40
2025-11-27,Loteka Quiniela,2,83,53
2025-11-27,NY Tarde,40,63,90
2025-11-27,Leidsa Quiniela,51,1,62
2025-11-27,Real Loto,78,50,13
2025-11-27,Loteka Mega Chances,15,73,77
2025-11-27,Nacional Juega+Pega+,69,40,62
2025-11-27,Florida Noche,83,57,52
2025-11-27,Leidsa Pega 3 Mas,65,36,11
2025-11-27,Mega Millions,61,67,44
2025-11-27,Anguila Medio Dia,79,45,78
2025-11-27,King Lottery 7:30,90,11,69
2025-11-27,La Primera Dia,48,40,64
2025-11-27,La Suerte 12:30,91,14,89
2025-11-27,LoteDom Quiniela,9,20,56
2025-11-27,Leidsa Loto Pool,96,15,71
2025-11-27,NY Noche,90,58,69
2025-11-27,Anguila Mañana,14,63,79
2025-11-27,King Lottery 12:30,62,79,30
2025-11-27,Anguila Tarde,51,21,51
2025-11-27,Florida Dia,57,92,67
2025-11-27,La Suerte 18:00,79,79,3
2025-11-27,La Primera Noche,10,74,77
2025-11-27,Nacional Gana Mas,17,0,47
2025-11-27,PowerBall,52,42,42
2025-11-26,Leidsa Loto Pool,30,68,47
2025-11-26,Nacional Noche,94,54,9
2025-11-26,Loteka Quiniela,65,27,53
2025-11-26,NY Tarde,96,93,56
2025-11-26,Leidsa Quiniela,39,86,3
2025-11-26,Loteka Mega Chances,81,87,65
2025-11-26,Florida Noche,39,68,87
2025-11-26,Anguila Noche,24,31,87
2025-11-26,Nacional Juega+Pega+,53,39,58
2025-11-26,Leidsa Pega 3 Mas,96,56,87
2025-11-26,Mega Millions,96,39,49
2025-11-26,Real Loto,5,66,5
2025-11-26,Anguila Medio Dia,46,36,5
2025-11-26,Real Quiniela,29,42,16
2025-11-26,La Primera Dia,89,77,23
2025-11-26,La Suerte 12:30,9,8,16
2025-11-26,King Lottery 7:30,37,19,62
2025-11-26,NY Noche,36,5,75
2025-11-26,Anguila Mañana,46,28,53
2025-11-26,Anguila Tarde,21,88,75
2025-11-26,King Lottery 12:30,8,63,25
2025-11-26,LoteDom Quiniela,26,1,37
2025-11-26,Florida Dia,90,74,55
2025-11-26,La Primera Noche,58,24,23
2025-11-26,Nacional Gana Mas,20,62,45
2025-11-26,PowerBall,68,21,16
2025-11-26,La Suerte 18:00,67,76,39
2025-11-25,Real Quiniela,30,62,25
2025-11-25,Anguila Medio Dia,87,20,72
2025-11-25,NY Tarde,69,37,49
2025-11-25,Leidsa Quiniela,2,5,8
2025-11-25,Loteka Mega Chances,23,81,85
2025-11-25,Nacional Noche,80,49,15
2025-11-25,Leidsa Pega 3 Mas,84,44,42
2025-11-25,Florida Noche,49,93,12
2025-11-25,Mega Millions,21,80,27
2025-11-25,Real Loto,61,13,15
2025-11-25,Anguila Noche,74,77,68
2025-11-25,Loteka Quiniela,8,99,41
2025-11-25,Nacional Juega+Pega+,78,33,59
2025-11-25,King Lottery 7:30,71,58,68
2025-11-25,La Suerte 18:00,46,96,69
2025-11-25,Nacional Gana Mas,41,80,59
2025-11-25,NY Noche,42,14,13
2025-11-25,Anguila Mañana,10,34,49
2025-11-25,Anguila Tarde,14,54,94
2025-11-25,King Lottery 12:30,86,83,34
2025-11-25,Leidsa Loto Pool,84,62,42
2025-11-25,La Suerte 12:30,72,47,24
2025-11-25,La Primera Noche,22,45,37
2025-11-25,PowerBall,8,30,32
2025-11-25,LoteDom Quiniela,61,0,3
2025-11-25,Florida Dia,80,40,53
2025-11-25,La Primera Dia,8,58,24
2025-11-24,Real Quiniela,12,72,49
2025-11-24,Anguila Medio Dia,9,29,93
2025-11-24,NY Tarde,4,70,24
2025-11-24,Leidsa Quiniela,36,15,22
2025-11-24,Loteka Mega Chances,86,36,51
2025-11-24,Nacional Noche,15,87,35
2025-11-24,King Lottery 7:30,80,67,2
2025-11-24,Florida Noche,7,13,47
2025-11-24,Leidsa Pega 3 Mas,80,20,55
2025-11-24,Mega Millions,98,67,41
2025-11-24,Real Loto,59,8,73
2025-11-24,Anguila Noche,89,54,41
2025-11-24,Nacional Juega+Pega+,98,50,56
2025-11-24,La Suerte 18:00,53,65,47
2025-11-24,Loteka Quiniela,72,40,41
2025-11-24,La Primera Dia,45,84,68
2025-11-24,NY Noche,75,92,91
2025-11-24,Anguila Mañana,97,71,76
2025-11-24,Anguila Tarde,14,34,32
2025-11-24,King Lottery 12:30,29,53,7
2025-11-24,Leidsa Loto Pool,53,59,66
2025-11-24,La Suerte 12:30,76,36,25
2025-11-24,La Primera Noche,65,81,40
2025-11-24,Nacional Gana Mas,12,69,26
2025-11-24,PowerBall,11,99,5
2025-11-24,LoteDom Quiniela,46,0,97
2025-11-24,Florida Dia,48,5,69
2025-11-23,Anguila Medio Dia,53,46,51
2025-11-23,NY Tarde,30,11,0
2025-11-23,Leidsa Quiniela,13,71,75
2025-11-23,Loteka Mega Chances,18,76,4
2025-11-23,Real Quiniela,8,1,85
2025-11-23,Nacional Noche,9,97,75
2025-11-23,Loteka Quiniela,3,35,74
2025-11-23,Florida Noche,32,73,56
2025-11-23,Mega Millions,13,34,62
2025-11-23,Real Loto,86,48,91
2025-11-23,Anguila Noche,43,63,78
2025-11-23,Leidsa Pega 3 Mas,70,42,20
2025-11-23,Nacional Juega+Pega+,22,45,13
2025-11-23,King Lottery 7:30,82,60,71
2025-11-23,La Suerte 18:00,55,52,36
2025-11-23,La Primera Dia,55,92,19
2025-11-23,Anguila Mañana,16,20,42
2025-11-23,Anguila Tarde,31,37,62
2025-11-23,King Lottery 12:30,94,91,65
2025-11-23,La Suerte 12:30,1,51,78
2025-11-23,Leidsa Loto Pool,10,64,51
2025-11-23,NY Noche,5,48,29
2025-11-23,La Primera Noche,93,38,35
2025-11-23,PowerBall,50,21,2
2025-11-23,LoteDom Quiniela,2,80,30
2025-11-23,Florida Dia,36,92,89
2025-11-23,Nacional Gana Mas,39,32,87
2025-11-22,Real Quiniela,2,62,61
2025-11-22,Nacional Noche,85,41,51
2025-11-22,Anguila Noche,69,38,3
2025-11-22,NY Tarde,93,15,93
2025-11-22,Leidsa Quiniela,27,17,30
2025-11-22,Loteka Mega Chances,87,76,47
2025-11-22,Nacional Juega+Pega+,28,84,18
2025-11-22,Loteka Quiniela,95,26,59
2025-11-22,Leidsa Pega 3 Mas,22,35,12
2025-11-22,Mega Millions,74,9,42
2025-11-22,Real Loto,84,36,42
2025-11-22,Nacional Gana Mas,8,33,96
2025-11-22,Anguila Medio Dia,64,72,68
2025-11-22,Florida Noche,46,22,60
2025-11-22,La Primera Dia,49,0,71
2025-11-22,La Suerte 12:30,93,38,98
2025-11-22,King Lottery 7:30,87,73,87
2025-11-22,NY Noche,21,30,91
2025-11-22,Anguila Mañana,69,32,88
2025-11-22,Anguila Tarde,59,66,56
2025-11-22,King Lottery 12:30,98,59,16
2025-11-22,Leidsa Loto Pool,12,80,72
2025-11-22,La Primera Noche,75,32,9
2025-11-22,La Suerte 18:00,94,95,69
2025-11-22,PowerBall,34,26,74
2025-11-22,LoteDom Quiniela,46,66,35
2025-11-22,Florida Dia,61,47,7
2025-11-21,Loteka Mega Chances,37,30,72
2025-11-21,NY Tarde,14,0,49
2025-11-21,Leidsa Quiniela,59,58,99
2025-11-21,Anguila Medio Dia,84,8,45
2025-11-21,Real Quiniela,97,87,49
2025-11-21,Florida Noche,23,16,21
2025-11-21,Nacional Juega+Pega+,27,0,12
2025-11-21,Loteka Quiniela,14,47,88
2025-11-21,Leidsa Pega 3 Mas,97,8,70
2025-11-21,Real Loto,60,0,61
2025-11-21,Anguila Noche,82,78,33
2025-11-21,King Lottery 7:30,99,43,42
2025-11-21,Nacional Noche,7,8,43
2025-11-21,PowerBall,28,79,58
2025-11-21,Mega Millions,25,1,87
2025-11-21,La Primera Noche,32,98,90
2025-11-21,Anguila Mañana,5,14,76
2025-11-21,Anguila Tarde,34,3,32
2025-11-21,NY Noche,78,30,0
2025-11-21,La Suerte 12:30,75,20,57
2025-11-21,King Lottery 12:30,23,6,8
2025-11-21,La Suerte 18:00,29,77,7
2025-11-21,Florida Dia,8,37,55
2025-11-21,Nacional Gana Mas,23,11,69
2025-11-21,LoteDom Quiniela,71,90,94
2025-11-21,La Primera Dia,24,35,85
2025-11-21,Leidsa Loto Pool,74,13,3
2025-11-20,Real Quiniela,43,62,40
2025-11-20,Loteka Quiniela,62,97,63
2025-11-20,NY Tarde,9,53,52
2025-11-20,Leidsa Quiniela,35,94,43
2025-11-20,Loteka Mega Chances,51,1,29
2025-11-20,King Lottery 7:30,62,99,85
2025-11-20,Anguila Medio Dia,42,62,77
2025-11-20,Nacional Juega+Pega+,92,15,30
2025-11-20,Mega Millions,3,49,35
2025-11-20,Real Loto,3,38,29
2025-11-20,Anguila Noche,60,3,10
2025-11-20,Leidsa Pega 3 Mas,74,0,71
2025-11-20,Nacional Noche,70,1,78
2025-11-20,La Primera Noche,38,98,56
2025-11-20,Florida Noche,18,32,96
2025-11-20,La Primera Dia,90,68,3
2025-11-20,Leidsa Loto Pool,94,40,93
2025-11-20,Anguila Mañana,82,22,93
2025-11-20,Anguila Tarde,7,17,3
2025-11-20,King Lottery 12:30,61,27,52
2025-11-20,La Suerte 12:30,90,87,41
2025-11-20,NY Noche,48,52,65
2025-11-20,La Suerte 18:00,25,38,25
2025-11-20,PowerBall,72,20,17
2025-11-20,LoteDom Quiniela,49,64,16
2025-11-20,Florida Dia,62,55,66
2025-11-20,Nacional Gana Mas,73,17,79
2025-11-19,Real Quiniela,60,77,72
2025-11-19,Anguila Medio Dia,98,76,57
2025-11-19,NY Tarde,57,5,7
2025-11-19,Leidsa Quiniela,15,96,29
2025-11-19,Loteka Mega Chances,22,85,54
2025-11-19,Nacional Noche,20,35,93
2025-11-19,Leidsa Pega 3 Mas,97,22,79
2025-11-19,Florida Noche,15,27,16
2025-11-19,Mega Millions,58,21,78
2025-11-19,Real Loto,50,22,93
2025-11-19,Anguila Noche,87,57,90
2025-11-19,Loteka Quiniela,53,53,49
2025-11-19,Nacional Juega+Pega+,49,61,38
2025-11-19,King Lottery 7:30,54,12,56
2025-11-19,La Suerte 18:00,21,4,27
2025-11-19,Nacional Gana Mas,55,16,50
2025-11-19,NY Noche,68,36,91
2025-11-19,Anguila Mañana,21,26,33
2025-11-19,Anguila Tarde,23,46,75
2025-11-19,King Lottery 12:30,24,81,77
2025-11-19,Leidsa Loto Pool,89,78,30
2025-11-19,La Suerte 12:30,26,67,14
2025-11-19,La Primera Noche,17,69,65
2025-11-19,PowerBall,74,15,39
2025-11-19,LoteDom Quiniela,0,16,54
2025-11-19,Florida Dia,45,95,11
2025-11-19,La Primera Dia,88,89,98
2025-11-18,Real Quiniela,86,65,24
2025-11-18,Anguila Medio Dia,41,0,10
2025-11-18,NY Tarde,86,30,37
2025-11-18,Leidsa Quiniela,58,21,64
2025-11-18,Loteka Mega Chances,32,47,8
2025-11-18,Nacional Noche,99,81,24
2025-11-18,King Lottery 7:30,80,82,85
2025-11-18,Florida Noche,67,29,9
2025-11-18,Leidsa Pega 3 Mas,37,85,86
2025-11-18,Mega Millions,71,67,16
2025-11-18,Real Loto,84,70,69
2025-11-18,Anguila Noche,37,33,56
2025-11-18,Nacional Juega+Pega+,69,12,13
2025-11-18,La Suerte 18:00,33,64,43
2025-11-18,Loteka Quiniela,32,30,30
2025-11-18,La Primera Dia,39,34,37
2025-11-18,NY Noche,49,75,77
2025-11-18,Anguila Mañana,95,12,83
2025-11-18,Anguila Tarde,16,67,31
2025-11-18,King Lottery 12:30,32,20,5
2025-11-18,Leidsa Loto Pool,77,46,90
2025-11-18,La Suerte 12:30,94,78,9
2025-11-18,La Primera Noche,19,61,59
2025-11-18,Nacional Gana Mas,2,33,20
2025-11-18,PowerBall,50,60,16
2025-11-18,LoteDom Quiniela,37,82,73
2025-11-18,Florida Dia,1,63,52
2025-11-17,Real Quiniela,62,55,37
2025-11-17,Loteka Quiniela,27,53,90
2025-11-17,NY Tarde,48,48,15
2025-11-17,Leidsa Quiniela,13,37,56
2025-11-17,Anguila Medio Dia,46,74,40
2025-11-17,King Lottery 7:30,32,31,86
2025-11-17,Anguila Noche,20,45,71
2025-11-17,Loteka Mega Chances,46,18,80
2025-11-17,Nacional Juega+Pega+,10,51,77
2025-11-17,Leidsa Pega 3 Mas,8,98,38
2025-11-17,Mega Millions,96,97,14
2025-11-17,Real Loto,87,13,4
2025-11-17,Nacional Noche,15,43,61
2025-11-17,La Suerte 18:00,77,37,82
2025-11-17,Florida Noche,48,94,50
2025-11-17,La Primera Dia,35,81,67
2025-11-17,Leidsa Loto Pool,67,19,63
2025-11-17,Anguila Mañana,82,85,81
2025-11-17,Anguila Tarde,67,30,19
2025-11-17,NY Noche,18,12,68
2025-11-17,La Suerte 12:30,3,31,10
2025-11-17,King Lottery 12:30,53,69,93
2025-11-17,Florida Dia,25,86,67
2025-11-17,La Primera Noche,27,52,22
2025-11-17,Nacional Gana Mas,19,86,79
2025-11-17,PowerBall,56,66,85
2025-11-17,LoteDom Quiniela,35,63,3
2025-11-16,Nacional Noche,68,81,87
2025-11-16,Loteka Quiniela,67,42,89
2025-11-16,NY Tarde,55,80,24
2025-11-16,Leidsa Quiniela,38,75,2
2025-11-16,Real Quiniela,49,0,17
2025-11-16,Anguila Noche,80,49,55
2025-11-16,Nacional Juega+Pega+,78,3,44
2025-11-16,Florida Noche,75,22,34
2025-11-16,Leidsa Pega 3 Mas,54,51,24
2025-11-16,Mega Millions,23,52,48
2025-11-16,Real Loto,7,58,87
2025-11-16,Leidsa Loto Pool,0,65,69
2025-11-16,Anguila Medio Dia,45,3,60
2025-11-16,Loteka Mega Chances,95,90,61
2025-11-16,La Primera Dia,95,41,42
2025-11-16,Florida Dia,0,42,23
2025-11-16,NY Noche,35,71,16
2025-11-16,Anguila Mañana,33,66,75
2025-11-16,Anguila Tarde,39,3,34
2025-11-16,La Suerte 12:30,62,94,92
2025-11-16,King Lottery 12:30,30,96,59
2025-11-16,La Suerte 18:00,77,3,3
2025-11-16,La Primera Noche,30,33,74
2025-11-16,Nacional Gana Mas,82,80,48
2025-11-16,PowerBall,21,38,64
2025-11-16,LoteDom Quiniela,6,62,72
2025-11-16,King Lottery 7:30,6,43,25
2025-11-15,Nacional Juega+Pega+,5,6,9
2025-11-15,Anguila Noche,65,21,28
2025-11-15,Real Loto,44,4,26
2025-11-15,Mega Millions,38,9,43
2025-11-15,Leidsa Pega 3 Mas,21,75,43
2025-11-15,Loteka Quiniela,73,30,96
2025-11-15,Nacional Noche,59,62,65
2025-11-15,Real Quiniela,33,92,66
2025-11-15,Loteka Mega Chances,29,72,32
2025-11-15,Leidsa Quiniela,17,4,61
2025-11-15,NY Tarde,17,21,95
2025-11-15,Florida Noche,69,63,97
2025-11-15,Anguila Medio Dia,28,93,79
2025-11-15,La Suerte 18:00,76,50,13
2025-11-15,La Primera Dia,42,35,28
2025-11-15,King Lottery 7:30,82,24,12
2025-11-15,PowerBall,36,91,58
2025-11-15,Nacional Gana Mas,91,52,48
2025-11-15,La Primera Noche,47,14,9
2025-11-15,Leidsa Loto Pool,48,94,24
2025-11-15,LoteDom Quiniela,87,20,10
2025-11-15,King Lottery 12:30,43,5,31
2025-11-15,Anguila Tarde,88,4,70
2025-11-15,Anguila Mañana,34,42,42
2025-11-15,NY Noche,85,9,40
2025-11-15,La Suerte 12:30,63,45,27
2025-11-15,Florida Dia,32,69,78
